processor_millis,SDS011_pm25, SDS011_pm10,BME680_temperature, BME680_pressure, BME680_humidity, BME680_gasResistance,CCS811_C02, CCS811_TVOC,GPS_year, GPS_month, GPS_day, GPS_hour, GPS_minute, GPS_seconds, GPS_longitude, GPS_latitude, GPS_noSaltilites, GPS_fix,CozIr_Co2, CozIr_Co2_filtered,SN1_WE_u, SN1_AE_u, SN2_WE_u, SN2_AE_u, NO2, O3, PT1000 temp,Errors
Starting!
52000,0.70, 6.90,23.37, 10199.70, 16.00, 877.89,400, 0,22,4,27,7,59,1,0,0,0,0,00712, 00672,-1.00,-1.00,-1.00,-1.00,-1.00,-1.00,-291.51,
54000,0.80, 7.10,23.36, 10199.50, 16.01, 879.63,400, 0,22,4,27,7,59,2,0,0,0,0,00719, 00777,-1.00,-1.00,-1.00,-1.00,-1.00,-1.00,-292.32,
56000,0.80, 6.80,23.30, 10199.70, 16.00, 874.42,400, 0,22,4,27,7,59,4,0,0,0,0,00721, 00683,-1.00,-1.00,-1.00,-1.00,-1.00,-1.00,-292.32,
58000,0.80, 7.90,23.25, 10199.30, 16.03, 876.15,400, 0,22,4,27,7,59,6,0,0,0,0,00721, 00717,-1.00,-1.00,-1.00,-1.00,-1.00,-1.00,-289.90,
60000,0.90, 8.50,23.20, 10199.50, 16.05, 874.42,400, 0,22,4,27,7,59,8,0,0,0,0,00725, 00724,-1.00,-1.00,-1.00,-1.00,-1.00,-1.00,-295.54,
62000,0.90, 9.30,23.16, 10199.50, 16.08, 874.42,400, 0,22,4,27,7,59,10,0,0,0,0,00726, 00696,-1.00,-1.00,-1.00,-1.00,-1.00,-1.00,-293.93,
64000,0.90, 10.00,23.14, 10199.10, 16.10, 874.42,405, 0,22,4,27,7,59,12,0,0,0,0,00736, 00763,-1.00,-1.00,-1.00,-1.00,-1.00,-1.00,-291.51,
66000,0.90, 9.20,23.12, 10199.10, 16.12, 867.58,400, 0,22,4,27,7,59,14,0,0,0,0,00735, 00779,-1.00,-1.00,-1.00,-1.00,-1.00,-1.00,-292.32,
68000,0.80, 9.00,23.10, 10199.30, 16.12, 874.42,400, 0,22,4,27,7,59,16,0,0,0,0,00737, 00707,-1.00,-1.00,-1.00,-1.00,-1.00,-1.00,-293.12,
70000,0.90, 9.80,23.09, 10199.10, 16.15, 873.28,403, 0,22,4,27,7,59,18,0,0,0,0,00741, 00803,-1.00,-1.00,-1.00,-1.00,-1.00,-1.00,-293.12,
72000,0.80, 9.20,23.08, 10199.10, 16.17, 872.70,403, 0,22,4,27,7,59,20,0,0,0,0,00742, 00784,-1.00,-1.00,-1.00,-1.00,-1.00,-1.00,-291.51,
74000,0.80, 9.50,23.08, 10199.10, 16.18, 872.70,400, 0,22,4,27,7,59,22,0,0,0,0,0,0,-1.00,-1.00,-1.00,-1.00,-1.00,-1.00,-291.51, CozIR
76000,0.90, 9.80,23.07, 10199.30, 16.19, 875.58,400, 0,22,4,27,7,59,24,0,0,0,0,00746, 00805,-1.00,-1.00,-1.00,-1.00,-1.00,-1.00,-289.90,
78000,0.90, 8.70,23.07, 10199.30, 16.20, 873.28,400, 0,22,4,27,7,59,26,0,0,0,0,00749, 00726,-1.00,-1.00,-1.00,-1.00,-1.00,-1.00,-293.93,
80000,0.80, 8.60,23.07, 10199.10, 16.21, 870.99,400, 0,22,4,27,7,59,28,0,0,0,0,00759, 00781,-1.00,-1.00,-1.00,-1.00,-1.00,-1.00,-293.93,
82000,0.80, 8.40,23.07, 10199.10, 16.20, 872.13,409, 1,22,4,27,7,59,30,0,0,0,0,00757, 00757,-1.00,-1.00,-1.00,-1.00,-1.00,-1.00,-291.51,
84000,0.80, 9.10,23.07, 10199.10, 16.21, 873.28,417, 2,22,4,27,7,59,32,0,0,0,0,00755, 00736,-1.00,-1.00,-1.00,-1.00,-1.00,-1.00,-292.32,
86000,0.80, 8.20,23.07, 10199.10, 16.22, 872.70,426, 3,22,4,27,7,59,34,0,0,0,0,00767, 00823,-1.00,-1.00,-1.00,-1.00,-1.00,-1.00,-290.71,
88000,0.70, 7.30,23.07, 10199.10, 16.21, 873.85,432, 4,22,4,27,7,59,36,0,0,0,0,00785, 00881,-1.00,-1.00,-1.00,-1.00,-1.00,-1.00,-291.51,
90000,0.70, 7.70,23.08, 10199.10, 16.23, 874.42,436, 5,22,4,27,7,59,38,0,0,0,0,00789, 00792,-1.00,-1.00,-1.00,-1.00,-1.00,-1.00,-293.93,
92000,0.70, 6.90,23.08, 10199.10, 16.23, 872.13,439, 5,22,4,27,7,59,40,0,0,0,0,00811, 00882,-1.00,-1.00,-1.00,-1.00,-1.00,-1.00,-291.51,
94000,0.90, 7.10,23.08, 10199.30, 16.24, 873.28,439, 5,22,4,27,7,59,42,0,0,0,0,00821, 00852,-1.00,-1.00,-1.00,-1.00,-1.00,-1.00,-293.93,
96000,0.90, 7.40,23.08, 10199.30, 16.25, 874.42,444, 6,22,4,27,7,59,44,0,0,0,0,00816, 00789,-1.00,-1.00,-1.00,-1.00,-1.00,-1.00,-293.93,
98000,1.00, 8.00,23.09, 10199.10, 16.26, 870.42,439, 5,22,4,27,7,59,46,0,0,0,0,00821, 00809,-1.00,-1.00,-1.00,-1.00,-1.00,-1.00,-291.51,
100000,0.90, 7.10,23.09, 10199.10, 16.25, 868.71,444, 6,22,4,27,7,59,48,0,0,0,0,00818, 00834,-1.00,-1.00,-1.00,-1.00,-1.00,-1.00,-293.12,
102000,0.90, 7.90,23.09, 10199.10, 16.27, 874.42,444, 6,22,4,27,7,59,50,0,0,0,0,00815, 00823,-1.00,-1.00,-1.00,-1.00,-1.00,-1.00,-290.71,
104000,0.90, 7.60,23.10, 10199.10, 16.27, 870.99,444, 6,22,4,27,7,59,52,0,0,0,0,00827, 00924,-1.00,-1.00,-1.00,-1.00,-1.00,-1.00,-292.32,
106000,0.90, 8.60,23.10, 10199.30, 16.27, 876.15,444, 6,22,4,27,7,59,54,0,0,0,0,00820, 00764,-1.00,-1.00,-1.00,-1.00,-1.00,-1.00,-293.12,
108000,0.90, 7.90,23.10, 10199.30, 16.28, 875.58,439, 5,22,4,27,7,59,56,0,0,0,0,00809, 00762,-1.00,-1.00,-1.00,-1.00,-1.00,-1.00,-293.12,
110000,0.90, 8.00,23.11, 10199.10, 16.30, 876.15,436, 5,22,4,27,7,59,58,0,0,0,0,00808, 00835,-1.00,-1.00,-1.00,-1.00,-1.00,-1.00,-291.51,
112000,1.00, 9.50,23.11, 10199.10, 16.30, 874.42,436, 5,22,4,27,8,0,0,0,0,0,0,00799, 00779,-1.00,-1.00,-1.00,-1.00,-1.00,-1.00,-292.32,
114000,0.90, 8.70,23.11, 10199.10, 16.31, 877.89,439, 5,22,4,27,8,0,2,0,0,0,0,00781, 00725,-1.00,-1.00,-1.00,-1.00,-1.00,-1.00,-291.51,
116000,0.90, 8.60,23.12, 10199.30, 16.31, 877.31,432, 4,22,4,27,8,0,4,0,0,0,0,00777, 00742,-1.00,-1.00,-1.00,-1.00,-1.00,-1.00,-289.09,
118000,0.80, 8.90,23.12, 10199.10, 16.32, 877.31,426, 3,22,4,27,8,0,6,0,0,0,0,00772, 00751,-1.00,-1.00,-1.00,-1.00,-1.00,-1.00,-292.32,
120000,0.90, 8.10,23.13, 10199.10, 16.32, 878.47,421, 3,22,4,27,8,0,8,0,0,0,0,00763, 00775,-1.00,-1.00,-1.00,-1.00,-1.00,-1.00,-291.51,
122000,0.90, 8.90,23.13, 10198.90, 16.32, 881.38,426, 3,22,4,27,8,0,10,0,0,0,0,00760, 00782,-1.00,-1.00,-1.00,-1.00,-1.00,-1.00,-291.51,
124000,0.70, 7.90,23.14, 10198.90, 16.32, 883.13,426, 3,22,4,27,8,0,12,0,0,0,0,00768, 00816,-1.00,-1.00,-1.00,-1.00,-1.00,-1.00,-291.51,
126000,0.60, 7.10,23.14, 10199.10, 16.32, 880.21,417, 2,22,4,27,8,0,14,0,0,0,0,00766, 00736,-1.00,-1.00,-1.00,-1.00,-1.00,-1.00,-293.93,
128000,0.60, 6.80,23.14, 10198.90, 16.31, 880.21,417, 2,22,4,27,8,0,16,0,0,0,0,00769, 00810,-1.00,-1.00,-1.00,-1.00,-1.00,-1.00,-292.32,
130000,0.60, 7.00,23.15, 10198.90, 16.31, 882.55,417, 2,22,4,27,8,0,18,0,0,0,0,00754, 00674,-1.00,-1.00,-1.00,-1.00,-1.00,-1.00,-294.73,
132000,0.60, 6.60,23.15, 10198.90, 16.31, 883.13,409, 1,22,4,27,8,0,20,0,0,0,0,00756, 00754,-1.00,-1.00,-1.00,-1.00,-1.00,-1.00,-293.12,
134000,0.60, 7.30,23.16, 10198.70, 16.32, 885.49,409, 1,22,4,27,8,0,22,0,0,0,0,00748, 00748,-1.00,-1.00,-1.00,-1.00,-1.00,-1.00,-290.71,
136000,0.60, 7.30,23.16, 10199.30, 16.32, 885.49,413, 1,22,4,27,8,0,24,0,0,0,0,00744, 00726,-1.00,-1.00,-1.00,-1.00,-1.00,-1.00,-293.12,
138000,0.60, 7.50,23.17, 10199.10, 16.32, 889.04,409, 1,22,4,27,8,0,26,0,0,0,0,00742, 00763,-1.00,-1.00,-1.00,-1.00,-1.00,-1.00,-291.51,
140000,0.60, 8.50,23.17, 10199.10, 16.32, 886.08,409, 1,22,4,27,8,0,28,0,0,0,0,00748, 00748,-1.00,-1.00,-1.00,-1.00,-1.00,-1.00,-291.51,
142000,0.60, 8.90,23.18, 10198.90, 16.33, 888.44,409, 1,22,4,27,8,0,30,0,0,0,0,00750, 00755,-1.00,-1.00,-1.00,-1.00,-1.00,-1.00,-290.71,
144000,0.60, 9.50,23.18, 10199.10, 16.32, 889.63,403, 0,22,4,27,8,0,32,0,0,0,0,00756, 00745,-1.00,-1.00,-1.00,-1.00,-1.00,-1.00,-293.12,
146000,0.60, 10.40,23.19, 10198.90, 16.33, 890.23,400, 0,22,4,27,8,0,34,0,0,0,0,00760, 00762,-1.00,-1.00,-1.00,-1.00,-1.00,-1.00,-291.51,
148000,0.70, 10.50,23.19, 10198.90, 16.36, 892.02,403, 0,22,4,27,8,0,36,0,0,0,0,00755, 00744,-1.00,-1.00,-1.00,-1.00,-1.00,-1.00,-291.51,
150000,0.70, 12.40,23.19, 10198.90, 16.37, 895.62,403, 0,22,4,27,8,0,38,0,0,0,0,00758, 00750,-1.00,-1.00,-1.00,-1.00,-1.00,-1.00,-293.12,
152000,0.60, 11.80,23.20, 10199.10, 16.39, 894.42,403, 0,22,4,27,8,0,40,0,0,0,0,00758, 00780,-1.00,-1.00,-1.00,-1.00,-1.00,-1.00,-291.51,
154000,0.60, 12.00,23.20, 10199.10, 16.40, 889.63,400, 0,22,4,27,8,0,42,0,0,0,0,00758, 00737,-1.00,-1.00,-1.00,-1.00,-1.00,-1.00,-290.71,
156000,0.70, 12.40,23.21, 10199.10, 16.40, 894.42,403, 0,22,4,27,8,0,44,0,0,0,0,00756, 00732,-1.00,-1.00,-1.00,-1.00,-1.00,-1.00,-293.12,
158000,0.60, 13.10,23.21, 10198.90, 16.41, 894.42,400, 0,22,4,27,8,0,46,0,0,0,0,00751, 00762,-1.00,-1.00,-1.00,-1.00,-1.00,-1.00,-291.51,
160000,0.70, 14.00,23.22, 10199.10, 16.41, 897.44,400, 0,22,4,27,8,0,48,0,0,0,0,00747, 00675,-1.00,-1.00,-1.00,-1.00,-1.00,-1.00,-291.51,
162000,0.70, 14.30,23.23, 10199.10, 16.40, 895.62,405, 0,22,4,27,8,0,50,0,0,0,0,00744, 00764,-1.00,-1.00,-1.00,-1.00,-1.00,-1.00,-293.12,
164000,0.70, 13.90,23.23, 10198.90, 16.40, 890.82,405, 0,22,4,27,8,0,52,0,0,0,0,00745, 00768,-1.00,-1.00,-1.00,-1.00,-1.00,-1.00,-289.09,
166000,0.70, 12.80,23.24, 10199.10, 16.41, 897.44,400, 0,22,4,27,8,0,54,0,0,0,0,00748, 00733,-1.00,-1.00,-1.00,-1.00,-1.00,-1.00,-293.93,
168000,0.70, 12.70,23.24, 10199.10, 16.41, 898.04,405, 0,22,4,27,8,0,56,0,0,0,0,00742, 00696,-1.00,-1.00,-1.00,-1.00,-1.00,-1.00,-289.90,
170000,0.70, 11.70,23.25, 10198.90, 16.41, 895.62,400, 0,22,4,27,8,0,58,0,0,0,0,00739, 00726,-1.00,-1.00,-1.00,-1.00,-1.00,-1.00,-292.32,
172000,0.60, 10.10,23.25, 10198.90, 16.40, 899.26,400, 0,22,4,27,8,1,0,0,0,0,0,00750, 00779,-1.00,-1.00,-1.00,-1.00,-1.00,-1.00,-289.09,
174000,0.60, 9.40,23.26, 10199.10, 16.41, 902.31,400, 0,22,4,27,8,1,2,0,0,0,0,00743, 00674,-1.00,-1.00,-1.00,-1.00,-1.00,-1.00,-293.12,
176000,0.60, 8.20,23.26, 10199.10, 16.40, 906.00,400, 0,22,4,27,8,1,4,0,0,0,0,00743, 00773,-1.00,-1.00,-1.00,-1.00,-1.00,-1.00,-293.12,
178000,0.50, 7.60,23.27, 10199.10, 16.42, 903.53,400, 0,22,4,27,8,1,6,0,0,0,0,00738, 00665,-1.00,-1.00,-1.00,-1.00,-1.00,-1.00,-289.90,
180000,0.60, 6.00,23.27, 10198.90, 16.42, 900.47,402, 0,22,4,27,8,1,8,0,0,0,0,00732, 00719,-1.00,-1.00,-1.00,-1.00,-1.00,-1.00,-292.32,
182000,0.60, 5.90,23.28, 10199.10, 16.42, 907.85,402, 0,22,4,27,8,1,10,0,0,0,0,00736, 00798,-1.00,-1.00,-1.00,-1.00,-1.00,-1.00,-292.32,
184000,0.60, 6.70,23.28, 10198.90, 16.42, 904.15,402, 0,22,4,27,8,1,12,0,0,0,0,00742, 00750,-1.00,-1.00,-1.00,-1.00,-1.00,-1.00,-291.51,
186000,0.60, 7.00,23.29, 10198.90, 16.42, 901.70,400, 0,22,4,27,8,1,14,0,0,0,0,00744, 00764,-1.00,-1.00,-1.00,-1.00,-1.00,-1.00,-290.71,
188000,0.60, 5.90,23.29, 10198.70, 16.43, 904.76,400, 0,22,4,27,8,1,16,0,0,0,0,00744, 00734,-1.00,-1.00,-1.00,-1.00,-1.00,-1.00,-291.51,
190000,0.60, 4.60,23.30, 10199.30, 16.43, 904.76,400, 0,22,4,27,8,1,18,0,0,0,0,00750, 00724,-1.00,-1.00,-1.00,-1.00,-1.00,-1.00,-289.90,
192000,0.50, 3.80,23.30, 10199.30, 16.43, 910.34,400, 0,22,4,27,8,1,20,0,0,0,0,00752, 00767,-1.00,-1.00,-1.00,-1.00,-1.00,-1.00,-292.32,
194000,0.50, 3.80,23.31, 10199.10, 16.44, 908.47,400, 0,22,4,27,8,1,22,0,0,0,0,00746, 00751,-1.00,-1.00,-1.00,-1.00,-1.00,-1.00,-292.32,
196000,0.50, 3.20,23.31, 10199.10, 16.44, 910.96,407, 1,22,4,27,8,1,24,0,0,0,0,00751, 00781,-1.00,-1.00,-1.00,-1.00,-1.00,-1.00,-292.32,
198000,0.60, 6.20,23.31, 10199.30, 16.42, 907.85,407, 1,22,4,27,8,1,26,0,0,0,0,00768, 00744,-1.00,-1.00,-1.00,-1.00,-1.00,-1.00,-288.29,
200000,0.60, 6.50,23.32, 10199.10, 16.42, 911.58,400, 0,22,4,27,8,1,28,0,0,0,0,00770, 00773,-1.00,-1.00,-1.00,-1.00,-1.00,-1.00,-292.32,
202000,0.60, 6.30,23.32, 10199.10, 16.42, 916.61,407, 1,22,4,27,8,1,30,0,0,0,0,00765, 00749,-1.00,-1.00,-1.00,-1.00,-1.00,-1.00,-293.12,
204000,0.70, 6.40,23.33, 10199.10, 16.41, 911.58,400, 0,22,4,27,8,1,32,0,0,0,0,00752, 00748,-1.00,-1.00,-1.00,-1.00,-1.00,-1.00,-293.12,
206000,0.70, 6.40,23.33, 10199.30, 16.42, 914.72,400, 0,22,4,27,8,1,34,0,0,0,0,00746, 00754,-1.00,-1.00,-1.00,-1.00,-1.00,-1.00,-291.51,
208000,0.70, 6.70,23.34, 10199.30, 16.41, 912.84,400, 0,22,4,27,8,1,36,0,0,0,0,00755, 00805,-1.00,-1.00,-1.00,-1.00,-1.00,-1.00,-292.32,
210000,0.60, 6.20,23.34, 10199.10, 16.40, 915.98,400, 0,22,4,27,8,1,38,0,0,0,0,00756, 00734,-1.00,-1.00,-1.00,-1.00,-1.00,-1.00,-291.51,
212000,0.60, 6.20,23.34, 10199.10, 16.40, 914.09,400, 0,22,4,27,8,1,40,0,0,0,0,00768, 00818,-1.00,-1.00,-1.00,-1.00,-1.00,-1.00,-289.90,
214000,0.60, 5.50,23.35, 10199.30, 16.41, 919.14,400, 0,22,4,27,8,1,42,0,0,0,0,00764, 00761,-1.00,-1.00,-1.00,-1.00,-1.00,-1.00,-292.32,
216000,0.50, 4.80,23.36, 10199.30, 16.40, 913.46,400, 0,22,4,27,8,1,44,0,0,0,0,00765, 00777,-1.00,-1.00,-1.00,-1.00,-1.00,-1.00,-291.51,
218000,0.50, 4.70,23.36, 10199.10, 16.41, 917.87,402, 0,22,4,27,8,1,46,0,0,0,0,00763, 00677,-1.00,-1.00,-1.00,-1.00,-1.00,-1.00,-292.32,
220000,0.50, 4.70,23.37, 10199.10, 16.40, 922.97,400, 0,22,4,27,8,1,48,0,0,0,0,00750, 00727,-1.00,-1.00,-1.00,-1.00,-1.00,-1.00,-290.71,
222000,0.60, 4.70,23.37, 10199.10, 16.40, 920.41,400, 0,22,4,27,8,1,50,0,0,0,0,00754, 00824,-1.00,-1.00,-1.00,-1.00,-1.00,-1.00,-292.32,
224000,0.60, 4.90,23.37, 10199.30, 16.39, 919.14,400, 0,22,4,27,8,1,52,0,0,0,0,00757, 00805,-1.00,-1.00,-1.00,-1.00,-1.00,-1.00,-292.32,
226000,0.50, 4.80,23.38, 10199.10, 16.39, 919.14,403, 0,22,4,27,8,1,54,0,0,0,0,00755, 00740,-1.00,-1.00,-1.00,-1.00,-1.00,-1.00,-291.51,
228000,0.40, 2.00,23.38, 10199.10, 16.39, 922.33,403, 0,22,4,27,8,1,56,0,0,0,0,00754, 00798,-1.00,-1.00,-1.00,-1.00,-1.00,-1.00,-289.90,
230000,0.40, 1.80,23.39, 10199.10, 16.38, 925.54,403, 0,22,4,27,8,1,58,0,0,0,0,00764, 00709,-1.00,-1.00,-1.00,-1.00,-1.00,-1.00,-293.93,
232000,0.40, 1.80,23.39, 10199.30, 16.40, 925.54,403, 0,22,4,27,8,2,0,0,0,0,0,00763, 00715,-1.00,-1.00,-1.00,-1.00,-1.00,-1.00,-291.51,
234000,0.40, 1.90,23.40, 10199.30, 16.40, 925.54,403, 0,22,4,27,8,2,2,0,0,0,0,00769, 00834,-1.00,-1.00,-1.00,-1.00,-1.00,-1.00,-292.32,
236000,0.40, 1.90,23.40, 10199.10, 16.39, 930.07,400, 0,22,4,27,8,2,4,0,0,0,0,00761, 00723,-1.00,-1.00,-1.00,-1.00,-1.00,-1.00,-294.73,
238000,0.40, 1.80,23.40, 10199.10, 16.38, 924.90,400, 0,22,4,27,8,2,6,0,0,0,0,00761, 00772,-1.00,-1.00,-1.00,-1.00,-1.00,-1.00,-292.32,
240000,0.40, 1.90,23.41, 10199.30, 16.39, 927.48,400, 0,22,4,27,8,2,8,0,0,0,0,00761, 00736,-1.00,-1.00,-1.00,-1.00,-1.00,-1.00,-293.12,
242000,0.50, 1.90,23.42, 10199.30, 16.37, 928.77,400, 0,22,4,27,8,2,10,0,0,0,0,00756, 00725,-1.00,-1.00,-1.00,-1.00,-1.00,-1.00,-290.71,
244000,0.40, 1.80,23.42, 10199.10, 16.37, 932.02,403, 0,22,4,27,8,2,12,0,0,0,0,00754, 00798,-1.00,-1.00,-1.00,-1.00,-1.00,-1.00,-290.71,
246000,0.50, 1.80,23.42, 10199.10, 16.36, 929.42,403, 0,22,4,27,8,2,14,0,0,0,0,00754, 00776,-1.00,-1.00,-1.00,-1.00,-1.00,-1.00,-291.51,
248000,0.50, 1.80,23.43, 10198.90, 16.36, 930.72,400, 0,22,4,27,8,2,16,0,0,0,0,00756, 00744,-1.00,-1.00,-1.00,-1.00,-1.00,-1.00,-292.32,
250000,0.60, 2.40,23.43, 10199.30, 16.36, 931.37,400, 0,22,4,27,8,2,18,0,0,0,0,0,0,-1.00,-1.00,-1.00,-1.00,-1.00,-1.00,-289.90, CozIR
252000,0.50, 2.40,23.43, 10199.50, 16.36, 933.33,405, 0,22,4,27,8,2,20,0,0,0,0,00756, 00810,-1.00,-1.00,-1.00,-1.00,-1.00,-1.00,-292.32,
254000,0.50, 2.90,23.44, 10199.30, 16.36, 932.02,405, 0,22,4,27,8,2,22,0,0,0,0,00763, 00788,-1.00,-1.00,-1.00,-1.00,-1.00,-1.00,-292.32,
256000,0.50, 3.20,23.44, 10199.10, 16.34, 937.28,400, 0,22,4,27,8,2,24,0,0,0,0,0,0,-1.00,-1.00,-1.00,-1.00,-1.00,-1.00,-292.32, CozIR
258000,0.50, 3.10,23.45, 10199.10, 16.34, 929.42,400, 0,22,4,27,8,2,26,0,0,0,0,00761, 00746,-1.00,-1.00,-1.00,-1.00,-1.00,-1.00,-289.90,
260000,0.50, 2.90,23.45, 10199.30, 16.34, 938.60,405, 0,22,4,27,8,2,28,0,0,0,0,0,0,-1.00,-1.00,-1.00,-1.00,-1.00,-1.00,-291.51, CozIR
262000,0.50, 3.20,23.45, 10199.30, 16.33, 940.59,400, 0,22,4,27,8,2,30,0,0,0,0,00763, 00787,-1.00,-1.00,-1.00,-1.00,-1.00,-1.00,-291.51,
264000,0.50, 3.30,23.46, 10199.30, 16.33, 935.96,405, 0,22,4,27,8,2,32,0,0,0,0,0,0,-1.00,-1.00,-1.00,-1.00,-1.00,-1.00,-291.51, CozIR
266000,0.50, 3.30,23.46, 10199.10, 16.33, 935.96,400, 0,22,4,27,8,2,34,0,0,0,0,00763, 00656,-1.00,-1.00,-1.00,-1.00,-1.00,-1.00,-289.90,
268000,0.50, 3.20,23.46, 10199.10, 16.32, 937.28,405, 0,22,4,27,8,2,36,0,0,0,0,0,0,-1.00,-1.00,-1.00,-1.00,-1.00,-1.00,-291.51, CozIR
270000,0.50, 3.10,23.47, 10199.10, 16.32, 945.95,405, 0,22,4,27,8,2,38,0,0,0,0,00753, 00741,-1.00,-1.00,-1.00,-1.00,-1.00,-1.00,-293.93,
272000,0.60, 4.40,23.47, 10199.10, 16.32, 947.97,400, 0,22,4,27,8,2,40,0,0,0,0,0,0,-1.00,-1.00,-1.00,-1.00,-1.00,-1.00,-293.12, CozIR
274000,0.60, 4.30,23.47, 10199.30, 16.31, 946.62,400, 0,22,4,27,8,2,42,0,0,0,0,00762, 00861,-1.00,-1.00,-1.00,-1.00,-1.00,-1.00,-291.51,
276000,0.60, 4.30,23.48, 10199.10, 16.32, 945.95,405, 0,22,4,27,8,2,44,0,0,0,0,00769, 00699,-1.00,-1.00,-1.00,-1.00,-1.00,-1.00,-291.51,
278000,0.80, 4.90,23.48, 10199.10, 16.33, 946.62,405, 0,22,4,27,8,2,46,0,0,0,0,00756, 00698,-1.00,-1.00,-1.00,-1.00,-1.00,-1.00,-292.32,
280000,0.80, 4.70,23.49, 10198.90, 16.33, 939.93,400, 0,22,4,27,8,2,48,0,0,0,0,00757, 00764,-1.00,-1.00,-1.00,-1.00,-1.00,-1.00,-290.71,
282000,0.80, 4.50,23.49, 10199.10, 16.33, 946.62,405, 0,22,4,27,8,2,50,0,0,0,0,00750, 00745,-1.00,-1.00,-1.00,-1.00,-1.00,-1.00,-292.32,
284000,0.80, 4.40,23.49, 10199.10, 16.34, 947.97,400, 0,22,4,27,8,2,52,0,0,0,0,00758, 00788,-1.00,-1.00,-1.00,-1.00,-1.00,-1.00,-291.51,
286000,0.90, 4.50,23.50, 10198.90, 16.36, 952.72,405, 0,22,4,27,8,2,54,0,0,0,0,00768, 00832,-1.00,-1.00,-1.00,-1.00,-1.00,-1.00,-292.32,
288000,0.90, 4.60,23.50, 10198.90, 16.36, 943.93,400, 0,22,4,27,8,2,56,0,0,0,0,00774, 00823,-1.00,-1.00,-1.00,-1.00,-1.00,-1.00,-291.51,
290000,0.90, 6.10,23.51, 10199.10, 16.37, 945.27,405, 0,22,4,27,8,2,58,0,0,0,0,00780, 00784,-1.00,-1.00,-1.00,-1.00,-1.00,-1.00,-291.51,
292000,1.00, 5.80,23.51, 10199.30, 16.37, 951.36,405, 0,22,4,27,8,3,0,0,0,0,0,00784, 00870,-1.00,-1.00,-1.00,-1.00,-1.00,-1.00,-293.93,
294000,0.90, 5.60,23.51, 10199.10, 16.37, 951.36,405, 0,22,4,27,8,3,2,0,0,0,0,00787, 00783,-1.00,-1.00,-1.00,-1.00,-1.00,-1.00,-292.32,
296000,1.00, 6.50,23.52, 10198.90, 16.37, 949.32,405, 0,22,4,27,8,3,4,0,0,0,0,00783, 00783,-1.00,-1.00,-1.00,-1.00,-1.00,-1.00,-293.12,
298000,1.00, 6.50,23.52, 10198.90, 16.39, 956.15,405, 0,22,4,27,8,3,6,0,0,0,0,00784, 00764,-1.00,-1.00,-1.00,-1.00,-1.00,-1.00,-289.09,
300000,1.00, 6.70,23.53, 10199.10, 16.37, 948.64,400, 0,22,4,27,8,3,8,0,0,0,0,00786, 00758,-1.00,-1.00,-1.00,-1.00,-1.00,-1.00,-293.12,
302000,1.00, 6.40,23.53, 10199.10, 16.37, 953.40,400, 0,22,4,27,8,3,10,0,0,0,0,00781, 00770,-1.00,-1.00,-1.00,-1.00,-1.00,-1.00,-294.73,
304000,1.00, 6.50,23.53, 10199.10, 16.37, 953.40,400, 0,22,4,27,8,3,12,0,0,0,0,00770, 00768,-1.00,-1.00,-1.00,-1.00,-1.00,-1.00,-291.51,
306000,1.00, 6.50,23.54, 10199.10, 16.37, 954.09,405, 0,22,4,27,8,3,14,0,0,0,0,00765, 00757,-1.00,-1.00,-1.00,-1.00,-1.00,-1.00,-292.32,
308000,0.80, 5.90,23.54, 10198.90, 16.37, 954.09,405, 0,22,4,27,8,3,16,0,0,0,0,00760, 00708,-1.00,-1.00,-1.00,-1.00,-1.00,-1.00,-291.51,
310000,0.80, 6.30,23.55, 10199.10, 16.37, 952.72,400, 0,22,4,27,8,3,18,0,0,0,0,00762, 00757,-1.00,-1.00,-1.00,-1.00,-1.00,-1.00,-289.90,
312000,0.80, 7.00,23.55, 10199.10, 16.39, 952.04,400, 0,22,4,27,8,3,20,0,0,0,0,00766, 00744,-1.00,-1.00,-1.00,-1.00,-1.00,-1.00,-296.35,
314000,0.80, 7.40,23.55, 10198.90, 16.38, 959.60,400, 0,22,4,27,8,3,22,0,0,0,0,00765, 00757,-1.00,-1.00,-1.00,-1.00,-1.00,-1.00,-294.73,
316000,0.80, 7.40,23.56, 10198.90, 16.39, 956.15,400, 0,22,4,27,8,3,24,0,0,0,0,00765, 00732,-1.00,-1.00,-1.00,-1.00,-1.00,-1.00,-291.51,
318000,0.70, 7.20,23.56, 10198.70, 16.39, 958.90,405, 0,22,4,27,8,3,26,0,0,0,0,00758, 00722,-1.00,-1.00,-1.00,-1.00,-1.00,-1.00,-289.09,
320000,0.70, 5.60,23.57, 10199.30, 16.38, 955.46,400, 0,22,4,27,8,3,28,0,0,0,0,00766, 00728,-1.00,-1.00,-1.00,-1.00,-1.00,-1.00,-290.71,
322000,0.70, 5.70,23.57, 10199.30, 16.39, 952.04,405, 0,22,4,27,8,3,30,0,0,0,0,00765, 00770,-1.00,-1.00,-1.00,-1.00,-1.00,-1.00,-291.51,
324000,0.70, 5.70,23.57, 10199.30, 16.40, 963.07,405, 0,22,4,27,8,3,32,0,0,0,0,00768, 00790,-1.00,-1.00,-1.00,-1.00,-1.00,-1.00,-292.32,
326000,0.70, 7.30,23.58, 10199.10, 16.41, 960.98,400, 0,22,4,27,8,3,34,0,0,0,0,00768, 00729,-1.00,-1.00,-1.00,-1.00,-1.00,-1.00,-291.51,
328000,0.70, 7.20,23.58, 10199.10, 16.43, 961.68,405, 0,22,4,27,8,3,36,0,0,0,0,00768, 00756,-1.00,-1.00,-1.00,-1.00,-1.00,-1.00,-292.32,
330000,0.70, 7.20,23.58, 10199.30, 16.42, 956.15,400, 0,22,4,27,8,3,38,0,0,0,0,00762, 00749,-1.00,-1.00,-1.00,-1.00,-1.00,-1.00,-294.73,
332000,0.50, 6.30,23.59, 10199.30, 16.44, 960.98,405, 0,22,4,27,8,3,40,0,0,0,0,00760, 00722,-1.00,-1.00,-1.00,-1.00,-1.00,-1.00,-291.51,
334000,0.50, 6.20,23.59, 10199.30, 16.44, 961.68,405, 0,22,4,27,8,3,42,0,0,0,0,00757, 00775,-1.00,-1.00,-1.00,-1.00,-1.00,-1.00,-294.73,
336000,0.60, 6.70,23.60, 10199.30, 16.45, 964.47,400, 0,22,4,27,8,3,44,0,0,0,0,00746, 00711,-1.00,-1.00,-1.00,-1.00,-1.00,-1.00,-294.73,
338000,0.60, 7.50,23.60, 10199.10, 16.46, 961.68,405, 0,22,4,27,8,3,46,0,0,0,0,00738, 00700,-1.00,-1.00,-1.00,-1.00,-1.00,-1.00,-291.51,
340000,0.50, 6.90,23.60, 10199.10, 16.46, 961.68,400, 0,22,4,27,8,3,48,0,0,0,0,00744, 00749,-1.00,-1.00,-1.00,-1.00,-1.00,-1.00,-294.73,
342000,0.60, 6.30,23.61, 10199.30, 16.46, 965.17,405, 0,22,4,27,8,3,50,0,0,0,0,00747, 00800,-1.00,-1.00,-1.00,-1.00,-1.00,-1.00,-290.71,
344000,0.60, 5.50,23.61, 10199.10, 16.46, 962.37,400, 0,22,4,27,8,3,52,0,0,0,0,00750, 00781,-1.00,-1.00,-1.00,-1.00,-1.00,-1.00,-289.90,
346000,0.60, 5.20,23.62, 10199.10, 16.46, 965.87,400, 0,22,4,27,8,3,54,0,0,0,0,00758, 00778,-1.00,-1.00,-1.00,-1.00,-1.00,-1.00,-289.90,
348000,0.60, 5.30,23.62, 10199.10, 16.45, 965.17,400, 0,22,4,27,8,3,56,0,0,0,0,00757, 00704,-1.00,-1.00,-1.00,-1.00,-1.00,-1.00,-289.90,
350000,0.60, 5.40,23.62, 10199.30, 16.47, 970.10,405, 0,22,4,27,8,3,58,0,0,0,0,00755, 00717,-1.00,-1.00,-1.00,-1.00,-1.00,-1.00,-293.12,
352000,0.60, 5.60,23.62, 10199.30, 16.47, 963.07,400, 0,22,4,27,8,4,0,0,0,0,0,00750, 00776,-1.00,-1.00,-1.00,-1.00,-1.00,-1.00,-291.51,
354000,0.60, 5.50,23.63, 10199.10, 16.47, 970.10,405, 0,22,4,27,8,4,2,0,0,0,0,00747, 00687,-1.00,-1.00,-1.00,-1.00,-1.00,-1.00,-294.73,
356000,0.50, 3.10,23.63, 10199.10, 16.47, 967.27,400, 0,22,4,27,8,4,4,0,0,0,0,00756, 00714,-1.00,-1.00,-1.00,-1.00,-1.00,-1.00,-291.51,
358000,0.60, 4.00,23.64, 10199.10, 16.49, 968.68,403, 0,22,4,27,8,4,6,0,0,0,0,00751, 00759,-1.00,-1.00,-1.00,-1.00,-1.00,-1.00,-293.12,
360000,0.60, 3.90,23.64, 10199.10, 16.47, 971.51,403, 0,22,4,27,8,4,8,0,0,0,0,00754, 00779,-1.00,-1.00,-1.00,-1.00,-1.00,-1.00,-290.71,
362000,0.60, 5.00,23.65, 10199.30, 16.48, 967.98,403, 0,22,4,27,8,4,10,0,0,0,0,00758, 00837,-1.00,-1.00,-1.00,-1.00,-1.00,-1.00,-289.90,
364000,0.60, 5.50,23.65, 10199.10, 16.49, 971.51,403, 0,22,4,27,8,4,12,0,0,0,0,00772, 00855,-1.00,-1.00,-1.00,-1.00,-1.00,-1.00,-289.90,
366000,0.50, 5.90,23.65, 10199.10, 16.48, 972.93,403, 0,22,4,27,8,4,14,0,0,0,0,00785, 00838,-1.00,-1.00,-1.00,-1.00,-1.00,-1.00,-293.93,
368000,0.50, 4.90,23.66, 10199.10, 16.48, 970.10,403, 0,22,4,27,8,4,16,0,0,0,0,00790, 00813,-1.00,-1.00,-1.00,-1.00,-1.00,-1.00,-291.51,
370000,0.50, 5.20,23.66, 10199.10, 16.49, 977.22,400, 0,22,4,27,8,4,18,0,0,0,0,00791, 00828,-1.00,-1.00,-1.00,-1.00,-1.00,-1.00,-292.32,
372000,0.50, 5.20,23.66, 10199.10, 16.48, 970.10,403, 0,22,4,27,8,4,20,0,0,0,0,00790, 00819,-1.00,-1.00,-1.00,-1.00,-1.00,-1.00,-291.51,
374000,0.50, 5.30,23.67, 10199.30, 16.49, 973.65,403, 0,22,4,27,8,4,22,0,0,0,0,00782, 00686,-1.00,-1.00,-1.00,-1.00,-1.00,-1.00,-292.32,
376000,0.50, 6.00,23.67, 10199.10, 16.48, 972.93,408, 1,22,4,27,8,4,24,0,0,0,0,00778, 00783,-1.00,-1.00,-1.00,-1.00,-1.00,-1.00,-294.73,
378000,0.50, 5.90,23.67, 10199.10, 16.47, 975.07,408, 1,22,4,27,8,4,26,0,0,0,0,00787, 00793,-1.00,-1.00,-1.00,-1.00,-1.00,-1.00,-292.32,
380000,0.50, 6.70,23.67, 10199.10, 16.47, 973.65,408, 1,22,4,27,8,4,28,0,0,0,0,00785, 00728,-1.00,-1.00,-1.00,-1.00,-1.00,-1.00,-292.32,
382000,0.50, 6.30,23.68, 10199.10, 16.46, 975.07,408, 1,22,4,27,8,4,30,0,0,0,0,00772, 00664,-1.00,-1.00,-1.00,-1.00,-1.00,-1.00,-288.29,
384000,0.50, 6.30,23.68, 10199.30, 16.48, 975.07,411, 1,22,4,27,8,4,32,0,0,0,0,00785, 00784,-1.00,-1.00,-1.00,-1.00,-1.00,-1.00,-293.12,
386000,0.50, 6.30,23.68, 10199.10, 16.47, 977.22,408, 1,22,4,27,8,4,34,0,0,0,0,00776, 00740,-1.00,-1.00,-1.00,-1.00,-1.00,-1.00,-293.93,
388000,0.50, 5.60,23.69, 10199.10, 16.47, 976.50,408, 1,22,4,27,8,4,36,0,0,0,0,00775, 00747,-1.00,-1.00,-1.00,-1.00,-1.00,-1.00,-288.29,
390000,0.50, 5.60,23.69, 10198.90, 16.46, 977.22,403, 0,22,4,27,8,4,38,0,0,0,0,00774, 00722,-1.00,-1.00,-1.00,-1.00,-1.00,-1.00,-294.73,
392000,0.50, 4.90,23.69, 10199.10, 16.47, 977.22,408, 1,22,4,27,8,4,40,0,0,0,0,00769, 00728,-1.00,-1.00,-1.00,-1.00,-1.00,-1.00,-290.71,
394000,0.50, 4.60,23.70, 10199.30, 16.47, 977.94,408, 1,22,4,27,8,4,42,0,0,0,0,00757, 00716,-1.00,-1.00,-1.00,-1.00,-1.00,-1.00,-295.54,
396000,0.50, 3.90,23.70, 10199.10, 16.48, 980.10,408, 1,22,4,27,8,4,44,0,0,0,0,00766, 00807,-1.00,-1.00,-1.00,-1.00,-1.00,-1.00,-292.32,
398000,0.50, 4.00,23.71, 10199.10, 16.48, 976.50,408, 1,22,4,27,8,4,46,0,0,0,0,00770, 00761,-1.00,-1.00,-1.00,-1.00,-1.00,-1.00,-288.29,
400000,0.50, 3.60,23.71, 10198.90, 16.49, 980.10,408, 1,22,4,27,8,4,48,0,0,0,0,00776, 00802,-1.00,-1.00,-1.00,-1.00,-1.00,-1.00,-292.32,
402000,0.50, 3.60,23.71, 10198.90, 16.48, 980.83,411, 1,22,4,27,8,4,50,0,0,0,0,00779, 00814,-1.00,-1.00,-1.00,-1.00,-1.00,-1.00,-291.51,
404000,0.50, 3.60,23.72, 10198.90, 16.49, 981.55,403, 0,22,4,27,8,4,52,0,0,0,0,00791, 00869,-1.00,-1.00,-1.00,-1.00,-1.00,-1.00,-293.12,
406000,0.50, 2.90,23.72, 10199.30, 16.50, 978.66,408, 1,22,4,27,8,4,54,0,0,0,0,00800, 00781,-1.00,-1.00,-1.00,-1.00,-1.00,-1.00,-292.32,
408000,0.50, 3.00,23.72, 10199.30, 16.50, 977.94,403, 0,22,4,27,8,4,56,0,0,0,0,00787, 00739,-1.00,-1.00,-1.00,-1.00,-1.00,-1.00,-293.12,
410000,0.50, 2.30,23.73, 10199.30, 16.51, 983.73,408, 1,22,4,27,8,4,58,0,0,0,0,00779, 00712,-1.00,-1.00,-1.00,-1.00,-1.00,-1.00,-289.09,
412000,0.60, 4.00,23.73, 10199.30, 16.51, 980.83,403, 0,22,4,27,8,5,0,0,0,0,0,00784, 00776,-1.00,-1.00,-1.00,-1.00,-1.00,-1.00,-293.12,
414000,0.60, 4.00,23.73, 10199.30, 16.51, 985.18,403, 0,22,4,27,8,5,2,0,0,0,0,00783, 00722,-1.00,-1.00,-1.00,-1.00,-1.00,-1.00,-290.71,
416000,0.70, 4.30,23.74, 10199.30, 16.51, 981.55,403, 0,22,4,27,8,5,4,0,0,0,0,00766, 00706,-1.00,-1.00,-1.00,-1.00,-1.00,-1.00,-293.12,
418000,0.70, 4.70,23.74, 10199.50, 16.51, 985.91,408, 1,22,4,27,8,5,6,0,0,0,0,00774, 00818,-1.00,-1.00,-1.00,-1.00,-1.00,-1.00,-290.71,
420000,0.70, 4.60,23.74, 10199.30, 16.51, 988.11,403, 0,22,4,27,8,5,8,0,0,0,0,00776, 00824,-1.00,-1.00,-1.00,-1.00,-1.00,-1.00,-292.32,
422000,0.70, 4.30,23.75, 10199.30, 16.51, 990.32,408, 1,22,4,27,8,5,10,0,0,0,0,00787, 00911,-1.00,-1.00,-1.00,-1.00,-1.00,-1.00,-290.71,
424000,0.70, 4.30,23.75, 10199.10, 16.51, 987.38,408, 1,22,4,27,8,5,12,0,0,0,0,00787, 00779,-1.00,-1.00,-1.00,-1.00,-1.00,-1.00,-289.90,
426000,0.70, 4.00,23.75, 10199.30, 16.52, 990.32,403, 0,22,4,27,8,5,14,0,0,0,0,00778, 00761,-1.00,-1.00,-1.00,-1.00,-1.00,-1.00,-291.51,
428000,0.70, 4.10,23.76, 10199.10, 16.51, 989.58,408, 1,22,4,27,8,5,16,0,0,0,0,00769, 00719,-1.00,-1.00,-1.00,-1.00,-1.00,-1.00,-293.93,
430000,0.70, 4.10,23.76, 10199.30, 16.50, 991.06,400, 0,22,4,27,8,5,18,0,0,0,0,00765, 00766,-1.00,-1.00,-1.00,-1.00,-1.00,-1.00,-291.51,
432000,0.70, 4.10,23.76, 10199.30, 16.51, 985.18,403, 0,22,4,27,8,5,20,0,0,0,0,00750, 00695,-1.00,-1.00,-1.00,-1.00,-1.00,-1.00,-292.32,
434000,0.70, 4.80,23.77, 10199.30, 16.50, 988.11,400, 0,22,4,27,8,5,22,0,0,0,0,00756, 00767,-1.00,-1.00,-1.00,-1.00,-1.00,-1.00,-292.32,
436000,0.70, 5.60,23.77, 10199.10, 16.50, 990.32,403, 0,22,4,27,8,5,24,0,0,0,0,00767, 00832,-1.00,-1.00,-1.00,-1.00,-1.00,-1.00,-290.71,
438000,0.70, 7.00,23.77, 10199.10, 16.50, 984.46,403, 0,22,4,27,8,5,26,0,0,0,0,00772, 00824,-1.00,-1.00,-1.00,-1.00,-1.00,-1.00,-291.51,
440000,0.70, 7.10,23.77, 10199.10, 16.50, 989.58,400, 0,22,4,27,8,5,28,0,0,0,0,00775, 00779,-1.00,-1.00,-1.00,-1.00,-1.00,-1.00,-293.12,
442000,0.60, 5.40,23.78, 10199.10, 16.49, 991.80,403, 0,22,4,27,8,5,30,0,0,0,0,00769, 00775,-1.00,-1.00,-1.00,-1.00,-1.00,-1.00,-291.51,
444000,0.60, 5.60,23.78, 10199.30, 16.49, 988.85,400, 0,22,4,27,8,5,32,0,0,0,0,00772, 00786,-1.00,-1.00,-1.00,-1.00,-1.00,-1.00,-291.51,
446000,0.60, 6.00,23.78, 10199.10, 16.48, 990.32,400, 0,22,4,27,8,5,34,0,0,0,0,00775, 00847,-1.00,-1.00,-1.00,-1.00,-1.00,-1.00,-289.09,
448000,0.50, 5.40,23.79, 10199.10, 16.48, 990.32,403, 0,22,4,27,8,5,36,0,0,0,0,00776, 00829,-1.00,-1.00,-1.00,-1.00,-1.00,-1.00,-289.90,
450000,0.50, 5.40,23.79, 10199.10, 16.48, 991.06,400, 0,22,4,27,8,5,38,0,0,0,0,00774, 00749,-1.00,-1.00,-1.00,-1.00,-1.00,-1.00,-289.90,
452000,0.50, 5.40,23.79, 10198.90, 16.48, 992.54,403, 0,22,4,27,8,5,40,0,0,0,0,00762, 00736,-1.00,-1.00,-1.00,-1.00,-1.00,-1.00,-290.71,
454000,0.50, 5.70,23.80, 10199.10, 16.48, 990.32,400, 0,22,4,27,8,5,42,0,0,0,0,00746, 00694,-1.00,-1.00,-1.00,-1.00,-1.00,-1.00,-291.51,
456000,0.60, 5.90,23.80, 10199.10, 16.49, 990.32,403, 0,22,4,27,8,5,44,0,0,0,0,00752, 00758,-1.00,-1.00,-1.00,-1.00,-1.00,-1.00,-289.09,
458000,0.60, 5.90,23.80, 10199.10, 16.49, 998.50,400, 0,22,4,27,8,5,46,0,0,0,0,00753, 00776,-1.00,-1.00,-1.00,-1.00,-1.00,-1.00,-292.32,
460000,0.60, 6.20,23.81, 10199.10, 16.47, 991.80,405, 0,22,4,27,8,5,48,0,0,0,0,00760, 00709,-1.00,-1.00,-1.00,-1.00,-1.00,-1.00,-289.90,
462000,0.60, 6.60,23.81, 10199.10, 16.47, 993.28,408, 1,22,4,27,8,5,50,0,0,0,0,00764, 00803,-1.00,-1.00,-1.00,-1.00,-1.00,-1.00,-289.90,
464000,0.60, 5.90,23.81, 10199.10, 16.48, 997.75,405, 0,22,4,27,8,5,52,0,0,0,0,00762, 00780,-1.00,-1.00,-1.00,-1.00,-1.00,-1.00,-290.71,
466000,0.60, 5.70,23.81, 10198.90, 16.46, 997.00,408, 1,22,4,27,8,5,54,0,0,0,0,00760, 00770,-1.00,-1.00,-1.00,-1.00,-1.00,-1.00,-290.71,
468000,0.60, 5.10,23.82, 10198.90, 16.48, 999.25,408, 1,22,4,27,8,5,56,0,0,0,0,00754, 00740,-1.00,-1.00,-1.00,-1.00,-1.00,-1.00,-292.32,
470000,0.70, 5.10,23.82, 10199.10, 16.47, 994.76,408, 1,22,4,27,8,5,58,0,0,0,0,00759, 00775,-1.00,-1.00,-1.00,-1.00,-1.00,-1.00,-293.12,
472000,0.70, 5.70,23.82, 10199.10, 16.46, 1000.75,408, 1,22,4,27,8,6,0,0,0,0,0,00767, 00775,-1.00,-1.00,-1.00,-1.00,-1.00,-1.00,-291.51,
474000,0.80, 7.50,23.83, 10199.10, 16.47, 1000.00,405, 0,22,4,27,8,6,2,0,0,0,0,00771, 00798,-1.00,-1.00,-1.00,-1.00,-1.00,-1.00,-289.90,
476000,0.80, 7.30,23.83, 10198.90, 16.48, 996.25,405, 0,22,4,27,8,6,4,0,0,0,0,00764, 00742,-1.00,-1.00,-1.00,-1.00,-1.00,-1.00,-289.90,
478000,0.80, 7.40,23.83, 10198.90, 16.48, 999.25,405, 0,22,4,27,8,6,6,0,0,0,0,00764, 00791,-1.00,-1.00,-1.00,-1.00,-1.00,-1.00,-292.32,
480000,0.80, 8.10,23.84, 10199.10, 16.47, 1000.00,405, 0,22,4,27,8,6,8,0,0,0,0,00767, 00782,-1.00,-1.00,-1.00,-1.00,-1.00,-1.00,-290.71,
482000,0.90, 8.60,23.84, 10199.10, 16.48, 1001.51,405, 0,22,4,27,8,6,10,0,0,0,0,00776, 00780,-1.00,-1.00,-1.00,-1.00,-1.00,-1.00,-290.71,
484000,0.90, 8.80,23.84, 10199.10, 16.46, 1000.75,408, 1,22,4,27,8,6,12,0,0,0,0,00772, 00716,-1.00,-1.00,-1.00,-1.00,-1.00,-1.00,-293.12,
486000,0.90, 9.10,23.84, 10199.10, 16.48, 1000.00,405, 0,22,4,27,8,6,14,0,0,0,0,00779, 00841,-1.00,-1.00,-1.00,-1.00,-1.00,-1.00,-292.32,
488000,1.00, 9.10,23.85, 10198.90, 16.48, 1002.26,408, 1,22,4,27,8,6,16,0,0,0,0,00786, 00789,-1.00,-1.00,-1.00,-1.00,-1.00,-1.00,-294.73,
490000,1.00, 10.70,23.85, 10198.90, 16.48, 1001.51,408, 1,22,4,27,8,6,18,0,0,0,0,00783, 00784,-1.00,-1.00,-1.00,-1.00,-1.00,-1.00,-291.51,
492000,1.00, 10.40,23.85, 10198.90, 16.48, 1003.77,405, 0,22,4,27,8,6,20,0,0,0,0,00798, 00846,-1.00,-1.00,-1.00,-1.00,-1.00,-1.00,-292.32,
494000,1.10, 10.50,23.86, 10199.50, 16.49, 1001.51,408, 1,22,4,27,8,6,22,0,0,0,0,00794, 00726,-1.00,-1.00,-1.00,-1.00,-1.00,-1.00,-293.12,
496000,1.10, 9.80,23.86, 10199.30, 16.49, 1007.58,408, 1,22,4,27,8,6,24,0,0,0,0,00780, 00728,-1.00,-1.00,-1.00,-1.00,-1.00,-1.00,-293.12,
498000,1.10, 9.50,23.86, 10199.30, 16.49, 1004.53,413, 1,22,4,27,8,6,26,0,0,0,0,00766, 00730,-1.00,-1.00,-1.00,-1.00,-1.00,-1.00,-291.51,
500000,1.00, 11.10,23.86, 10199.30, 16.51, 1005.29,408, 1,22,4,27,8,6,28,0,0,0,0,00762, 00785,-1.00,-1.00,-1.00,-1.00,-1.00,-1.00,-292.32,
502000,1.00, 11.20,23.87, 10199.30, 16.50, 1004.53,413, 1,22,4,27,8,6,30,0,0,0,0,00771, 00721,-1.00,-1.00,-1.00,-1.00,-1.00,-1.00,-291.51,
504000,1.00, 14.20,23.87, 10199.30, 16.50, 1004.53,405, 0,22,4,27,8,6,32,0,0,0,0,00768, 00747,-1.00,-1.00,-1.00,-1.00,-1.00,-1.00,-289.90,
506000,1.00, 15.20,23.87, 10199.30, 16.51, 1006.05,408, 1,22,4,27,8,6,34,0,0,0,0,00770, 00772,-1.00,-1.00,-1.00,-1.00,-1.00,-1.00,-290.71,
508000,1.00, 15.30,23.88, 10199.50, 16.50, 1005.29,408, 1,22,4,27,8,6,36,0,0,0,0,00776, 00807,-1.00,-1.00,-1.00,-1.00,-1.00,-1.00,-289.09,
510000,1.10, 15.50,23.88, 10199.50, 16.51, 1009.11,413, 1,22,4,27,8,6,38,0,0,0,0,00777, 00712,-1.00,-1.00,-1.00,-1.00,-1.00,-1.00,-290.71,
512000,1.00, 15.60,23.88, 10199.30, 16.52, 1006.81,413, 1,22,4,27,8,6,40,0,0,0,0,00779, 00790,-1.00,-1.00,-1.00,-1.00,-1.00,-1.00,-290.71,
514000,1.00, 15.00,23.89, 10199.30, 16.52, 1002.26,413, 1,22,4,27,8,6,42,0,0,0,0,00785, 00790,-1.00,-1.00,-1.00,-1.00,-1.00,-1.00,-294.73,
516000,1.00, 14.40,23.89, 10199.10, 16.52, 1008.34,408, 1,22,4,27,8,6,44,0,0,0,0,00782, 00721,-1.00,-1.00,-1.00,-1.00,-1.00,-1.00,-290.71,
518000,0.90, 14.80,23.89, 10199.10, 16.52, 1006.05,413, 1,22,4,27,8,6,46,0,0,0,0,00780, 00789,-1.00,-1.00,-1.00,-1.00,-1.00,-1.00,-290.71,
520000,1.00, 15.20,23.89, 10199.30, 16.52, 1012.95,413, 1,22,4,27,8,6,48,0,0,0,0,00783, 00822,-1.00,-1.00,-1.00,-1.00,-1.00,-1.00,-289.90,
522000,1.00, 14.50,23.90, 10199.30, 16.53, 1012.95,413, 1,22,4,27,8,6,50,0,0,0,0,00773, 00758,-1.00,-1.00,-1.00,-1.00,-1.00,-1.00,-288.29,
524000,1.10, 14.80,23.90, 10199.30, 16.52, 1009.87,413, 1,22,4,27,8,6,52,0,0,0,0,00771, 00724,-1.00,-1.00,-1.00,-1.00,-1.00,-1.00,-293.93,
526000,1.10, 15.60,23.90, 10199.30, 16.52, 1009.11,413, 1,22,4,27,8,6,54,0,0,0,0,00764, 00731,-1.00,-1.00,-1.00,-1.00,-1.00,-1.00,-291.51,
528000,1.10, 15.70,23.91, 10199.30, 16.52, 1011.41,413, 1,22,4,27,8,6,56,0,0,0,0,00780, 00842,-1.00,-1.00,-1.00,-1.00,-1.00,-1.00,-290.71,
530000,1.10, 15.40,23.91, 10199.10, 16.52, 1009.87,408, 1,22,4,27,8,6,58,0,0,0,0,00784, 00837,-1.00,-1.00,-1.00,-1.00,-1.00,-1.00,-289.90,
532000,1.20, 15.80,23.91, 10199.10, 16.54, 1015.27,413, 1,22,4,27,8,7,0,0,0,0,0,00789, 00784,-1.00,-1.00,-1.00,-1.00,-1.00,-1.00,-290.71,
534000,1.20, 12.90,23.91, 10199.30, 16.53, 1010.64,413, 1,22,4,27,8,7,2,0,0,0,0,00789, 00770,-1.00,-1.00,-1.00,-1.00,-1.00,-1.00,-292.32,
536000,1.10, 10.80,23.92, 10199.30, 16.54, 1007.58,413, 1,22,4,27,8,7,4,0,0,0,0,00783, 00699,-1.00,-1.00,-1.00,-1.00,-1.00,-1.00,-293.12,
538000,1.10, 10.30,23.92, 10199.30, 16.54, 1010.64,413, 1,22,4,27,8,7,6,0,0,0,0,00785, 00794,-1.00,-1.00,-1.00,-1.00,-1.00,-1.00,-291.51,
540000,1.10, 11.70,23.92, 10199.30, 16.54, 1015.27,413, 1,22,4,27,8,7,8,0,0,0,0,00788, 00789,-1.00,-1.00,-1.00,-1.00,-1.00,-1.00,-293.12,
542000,1.10, 11.50,23.93, 10199.10, 16.53, 1012.95,413, 1,22,4,27,8,7,10,0,0,0,0,00791, 00785,-1.00,-1.00,-1.00,-1.00,-1.00,-1.00,-289.90,
544000,1.10, 11.60,23.93, 10199.10, 16.55, 1011.41,413, 1,22,4,27,8,7,12,0,0,0,0,00799, 00873,-1.00,-1.00,-1.00,-1.00,-1.00,-1.00,-293.12,
546000,1.10, 12.40,23.93, 10199.10, 16.55, 1016.82,416, 2,22,4,27,8,7,14,0,0,0,0,00789, 00752,-1.00,-1.00,-1.00,-1.00,-1.00,-1.00,-289.90,
548000,1.20, 12.60,23.93, 10199.30, 16.53, 1014.49,416, 2,22,4,27,8,7,16,0,0,0,0,00786, 00720,-1.00,-1.00,-1.00,-1.00,-1.00,-1.00,-293.12,
550000,1.10, 11.70,23.94, 10199.30, 16.54, 1011.41,413, 1,22,4,27,8,7,18,0,0,0,0,00798, 00830,-1.00,-1.00,-1.00,-1.00,-1.00,-1.00,-291.51,
552000,1.10, 12.00,23.94, 10199.30, 16.55, 1017.60,416, 2,22,4,27,8,7,20,0,0,0,0,00784, 00718,-1.00,-1.00,-1.00,-1.00,-1.00,-1.00,-291.51,
554000,1.20, 12.80,23.94, 10199.30, 16.55, 1014.49,413, 1,22,4,27,8,7,22,0,0,0,0,00772, 00695,-1.00,-1.00,-1.00,-1.00,-1.00,-1.00,-289.90,
556000,1.10, 12.20,23.94, 10199.10, 16.55, 1016.04,413, 1,22,4,27,8,7,24,0,0,0,0,00776, 00774,-1.00,-1.00,-1.00,-1.00,-1.00,-1.00,-292.32,
558000,1.10, 12.40,23.95, 10199.10, 16.56, 1016.04,413, 1,22,4,27,8,7,26,0,0,0,0,00792, 00814,-1.00,-1.00,-1.00,-1.00,-1.00,-1.00,-293.93,
560000,1.00, 13.50,23.95, 10199.30, 16.57, 1013.72,416, 2,22,4,27,8,7,28,0,0,0,0,00791, 00799,-1.00,-1.00,-1.00,-1.00,-1.00,-1.00,-293.93,
562000,1.00, 15.50,23.95, 10199.30, 16.57, 1019.16,416, 2,22,4,27,8,7,30,0,0,0,0,00787, 00756,-1.00,-1.00,-1.00,-1.00,-1.00,-1.00,-292.32,
564000,1.00, 13.90,23.96, 10199.30, 16.58, 1012.18,418, 2,22,4,27,8,7,32,0,0,0,0,00783, 00663,-1.00,-1.00,-1.00,-1.00,-1.00,-1.00,-292.32,
566000,1.00, 14.60,23.96, 10199.10, 16.58, 1016.04,416, 2,22,4,27,8,7,34,0,0,0,0,00778, 00773,-1.00,-1.00,-1.00,-1.00,-1.00,-1.00,-293.12,
568000,1.10, 15.10,23.96, 10199.10, 16.58, 1021.50,416, 2,22,4,27,8,7,36,0,0,0,0,00784, 00862,-1.00,-1.00,-1.00,-1.00,-1.00,-1.00,-293.12,
570000,1.10, 13.40,23.96, 10199.10, 16.59, 1019.16,418, 2,22,4,27,8,7,38,0,0,0,0,00785, 00781,-1.00,-1.00,-1.00,-1.00,-1.00,-1.00,-294.73,
572000,1.20, 15.40,23.97, 10199.10, 16.59, 1019.94,416, 2,22,4,27,8,7,40,0,0,0,0,00792, 00793,-1.00,-1.00,-1.00,-1.00,-1.00,-1.00,-292.32,
574000,1.20, 15.10,23.97, 10199.10, 16.60, 1017.60,413, 1,22,4,27,8,7,42,0,0,0,0,00789, 00750,-1.00,-1.00,-1.00,-1.00,-1.00,-1.00,-292.32,
576000,1.30, 16.00,23.98, 10199.10, 16.60, 1016.04,418, 2,22,4,27,8,7,44,0,0,0,0,00781, 00763,-1.00,-1.00,-1.00,-1.00,-1.00,-1.00,-293.12,
578000,1.40, 17.90,23.98, 10199.10, 16.61, 1018.38,416, 2,22,4,27,8,7,46,0,0,0,0,00778, 00810,-1.00,-1.00,-1.00,-1.00,-1.00,-1.00,-293.12,
580000,1.40, 17.40,23.98, 10199.10, 16.61, 1023.08,418, 2,22,4,27,8,7,48,0,0,0,0,00786, 00799,-1.00,-1.00,-1.00,-1.00,-1.00,-1.00,-293.93,
582000,1.30, 18.30,23.98, 10199.10, 16.61, 1018.38,418, 2,22,4,27,8,7,50,0,0,0,0,00792, 00803,-1.00,-1.00,-1.00,-1.00,-1.00,-1.00,-293.12,
584000,1.30, 18.60,23.99, 10198.90, 16.61, 1019.16,416, 2,22,4,27,8,7,52,0,0,0,0,00792, 00823,-1.00,-1.00,-1.00,-1.00,-1.00,-1.00,-291.51,
586000,1.50, 21.00,23.99, 10198.90, 16.61, 1019.94,416, 2,22,4,27,8,7,54,0,0,0,0,00792, 00871,-1.00,-1.00,-1.00,-1.00,-1.00,-1.00,-289.90,
588000,1.70, 25.50,23.99, 10198.90, 16.62, 1021.50,416, 2,22,4,27,8,7,56,0,0,0,0,00807, 00830,-1.00,-1.00,-1.00,-1.00,-1.00,-1.00,-294.73,
590000,1.80, 29.20,23.99, 10199.50, 16.63, 1025.44,418, 2,22,4,27,8,7,58,0,0,0,0,00793, 00729,-1.00,-1.00,-1.00,-1.00,-1.00,-1.00,-292.32,
592000,1.90, 30.80,24.00, 10199.50, 16.64, 1018.38,418, 2,22,4,27,8,8,0,0,0,0,0,00793, 00821,-1.00,-1.00,-1.00,-1.00,-1.00,-1.00,-293.12,
594000,2.00, 33.70,24.00, 10199.30, 16.64, 1014.49,418, 2,22,4,27,8,8,2,0,0,0,0,00804, 00852,-1.00,-1.00,-1.00,-1.00,-1.00,-1.00,-293.12,
596000,2.20, 37.80,24.00, 10199.30, 16.65, 1016.82,418, 2,22,4,27,8,8,4,0,0,0,0,00810, 00732,-1.00,-1.00,-1.00,-1.00,-1.00,-1.00,-289.09,
598000,2.40, 40.80,24.01, 10199.30, 16.65, 1019.94,418, 2,22,4,27,8,8,6,0,0,0,0,00809, 00805,-1.00,-1.00,-1.00,-1.00,-1.00,-1.00,-293.12,
600000,2.60, 48.50,24.01, 10199.50, 16.66, 1017.60,425, 3,22,4,27,8,8,8,0,0,0,0,00810, 00811,-1.00,-1.00,-1.00,-1.00,-1.00,-1.00,-289.90,
602000,2.80, 54.90,24.01, 10199.50, 16.68, 1017.60,427, 4,22,4,27,8,8,10,0,0,0,0,00810, 00862,-1.00,-1.00,-1.00,-1.00,-1.00,-1.00,-292.32,
604000,3.40, 62.40,24.02, 10199.50, 16.69, 1023.08,425, 3,22,4,27,8,8,12,0,0,0,0,00805, 00778,-1.00,-1.00,-1.00,-1.00,-1.00,-1.00,-291.51,
606000,3.60, 68.20,24.02, 10199.50, 16.69, 1017.60,425, 3,22,4,27,8,8,14,0,0,0,0,00807, 00789,-1.00,-1.00,-1.00,-1.00,-1.00,-1.00,-295.54,
608000,3.80, 67.50,24.02, 10199.50, 16.69, 1021.50,427, 4,22,4,27,8,8,16,0,0,0,0,00800, 00824,-1.00,-1.00,-1.00,-1.00,-1.00,-1.00,-293.12,
610000,4.00, 68.40,24.03, 10199.50, 16.69, 1019.94,427, 4,22,4,27,8,8,18,0,0,0,0,00810, 00892,-1.00,-1.00,-1.00,-1.00,-1.00,-1.00,-291.51,
612000,4.10, 72.50,24.03, 10199.30, 16.70, 1020.72,425, 3,22,4,27,8,8,20,0,0,0,0,00809, 00855,-1.00,-1.00,-1.00,-1.00,-1.00,-1.00,-293.12,
614000,4.60, 81.20,24.03, 10199.50, 16.71, 1020.72,427, 4,22,4,27,8,8,22,0,0,0,0,00809, 00842,-1.00,-1.00,-1.00,-1.00,-1.00,-1.00,-292.32,
616000,4.50, 83.70,24.04, 10199.50, 16.72, 1020.72,427, 4,22,4,27,8,8,24,0,0,0,0,00809, 00791,-1.00,-1.00,-1.00,-1.00,-1.00,-1.00,-292.32,
618000,4.50, 82.20,24.04, 10199.50, 16.71, 1023.87,434, 5,22,4,27,8,8,26,0,0,0,0,00810, 00810,-1.00,-1.00,-1.00,-1.00,-1.00,-1.00,-293.12,
620000,4.40, 76.60,24.04, 10199.50, 16.71, 1019.94,434, 5,22,4,27,8,8,28,0,0,0,0,00822, 00896,-1.00,-1.00,-1.00,-1.00,-1.00,-1.00,-293.12,
622000,4.50, 74.60,24.04, 10199.50, 16.72, 1023.08,434, 5,22,4,27,8,8,30,0,0,0,0,00817, 00811,-1.00,-1.00,-1.00,-1.00,-1.00,-1.00,-290.71,
624000,4.40, 74.60,24.04, 10199.50, 16.72, 1023.87,438, 5,22,4,27,8,8,32,0,0,0,0,00822, 00878,-1.00,-1.00,-1.00,-1.00,-1.00,-1.00,-293.12,
626000,4.10, 70.00,24.05, 10199.50, 16.74, 1023.08,447, 7,22,4,27,8,8,34,0,0,0,0,00822, 00755,-1.00,-1.00,-1.00,-1.00,-1.00,-1.00,-291.51,
628000,4.00, 69.10,24.05, 10199.50, 16.75, 1020.72,452, 7,22,4,27,8,8,36,0,0,0,0,00835, 00803,-1.00,-1.00,-1.00,-1.00,-1.00,-1.00,-293.12,
630000,3.90, 62.30,24.05, 10199.70, 16.75, 1017.60,452, 7,22,4,27,8,8,38,0,0,0,0,00845, 00892,-1.00,-1.00,-1.00,-1.00,-1.00,-1.00,-293.93,
632000,3.60, 54.00,24.05, 10199.70, 16.75, 1019.16,462, 9,22,4,27,8,8,40,0,0,0,0,00848, 00882,-1.00,-1.00,-1.00,-1.00,-1.00,-1.00,-291.51,
634000,3.00, 45.90,24.06, 10199.50, 16.76, 1017.60,462, 9,22,4,27,8,8,42,0,0,0,0,00841, 00810,-1.00,-1.00,-1.00,-1.00,-1.00,-1.00,-291.51,
636000,2.60, 39.00,24.06, 10199.50, 16.76, 1017.60,462, 9,22,4,27,8,8,44,0,0,0,0,00853, 00974,-1.00,-1.00,-1.00,-1.00,-1.00,-1.00,-291.51,
638000,2.40, 37.40,24.06, 10199.50, 16.78, 1020.72,462, 9,22,4,27,8,8,46,0,0,0,0,00859, 00859,-1.00,-1.00,-1.00,-1.00,-1.00,-1.00,-288.29,
640000,2.20, 38.30,24.07, 10199.30, 16.79, 1016.82,462, 9,22,4,27,8,8,48,0,0,0,0,00856, 00862,-1.00,-1.00,-1.00,-1.00,-1.00,-1.00,-291.51,
642000,2.00, 33.70,24.07, 10199.50, 16.79, 1020.72,462, 9,22,4,27,8,8,50,0,0,0,0,00845, 00797,-1.00,-1.00,-1.00,-1.00,-1.00,-1.00,-292.32,
644000,1.60, 24.00,24.07, 10199.50, 16.79, 1018.38,462, 9,22,4,27,8,8,52,0,0,0,0,00836, 00754,-1.00,-1.00,-1.00,-1.00,-1.00,-1.00,-291.51,
646000,1.50, 20.10,24.07, 10199.50, 16.79, 1018.38,462, 9,22,4,27,8,8,54,0,0,0,0,00831, 00808,-1.00,-1.00,-1.00,-1.00,-1.00,-1.00,-293.12,
648000,1.40, 17.60,24.07, 10199.30, 16.78, 1025.44,462, 9,22,4,27,8,8,56,0,0,0,0,00827, 00792,-1.00,-1.00,-1.00,-1.00,-1.00,-1.00,-291.51,
650000,1.40, 17.30,24.08, 10199.30, 16.79, 1024.65,456, 8,22,4,27,8,8,58,0,0,0,0,00821, 00792,-1.00,-1.00,-1.00,-1.00,-1.00,-1.00,-291.51,
652000,1.30, 16.80,24.08, 10199.50, 16.78, 1022.29,456, 8,22,4,27,8,9,0,0,0,0,0,00822, 00779,-1.00,-1.00,-1.00,-1.00,-1.00,-1.00,-289.90,
654000,1.30, 15.20,24.08, 10199.30, 16.77, 1019.16,452, 7,22,4,27,8,9,2,0,0,0,0,00821, 00769,-1.00,-1.00,-1.00,-1.00,-1.00,-1.00,-290.71,
656000,1.40, 15.80,24.08, 10199.30, 16.76, 1027.82,452, 7,22,4,27,8,9,4,0,0,0,0,00811, 00766,-1.00,-1.00,-1.00,-1.00,-1.00,-1.00,-291.51,
658000,1.30, 13.80,24.09, 10199.50, 16.75, 1023.87,452, 7,22,4,27,8,9,6,0,0,0,0,00805, 00764,-1.00,-1.00,-1.00,-1.00,-1.00,-1.00,-291.51,
660000,1.50, 17.80,24.09, 10199.50, 16.76, 1020.72,452, 7,22,4,27,8,9,8,0,0,0,0,00811, 00849,-1.00,-1.00,-1.00,-1.00,-1.00,-1.00,-293.12,
662000,1.60, 22.20,24.09, 10199.50, 16.75, 1020.72,452, 7,22,4,27,8,9,10,0,0,0,0,00806, 00808,-1.00,-1.00,-1.00,-1.00,-1.00,-1.00,-290.71,
664000,1.70, 28.40,24.09, 10199.30, 16.76, 1023.08,447, 7,22,4,27,8,9,12,0,0,0,0,00806, 00768,-1.00,-1.00,-1.00,-1.00,-1.00,-1.00,-291.51,
666000,1.90, 40.00,24.10, 10199.30, 16.74, 1026.23,447, 7,22,4,27,8,9,14,0,0,0,0,00810, 00768,-1.00,-1.00,-1.00,-1.00,-1.00,-1.00,-292.32,
668000,2.10, 46.10,24.10, 10199.30, 16.75, 1020.72,447, 7,22,4,27,8,9,16,0,0,0,0,00803, 00743,-1.00,-1.00,-1.00,-1.00,-1.00,-1.00,-291.51,
670000,2.40, 48.70,24.10, 10199.30, 16.75, 1023.08,447, 7,22,4,27,8,9,18,0,0,0,0,00799, 00786,-1.00,-1.00,-1.00,-1.00,-1.00,-1.00,-289.90,
672000,2.50, 56.00,24.10, 10199.30, 16.74, 1024.65,447, 7,22,4,27,8,9,20,0,0,0,0,00793, 00757,-1.00,-1.00,-1.00,-1.00,-1.00,-1.00,-291.51,
674000,2.70, 60.00,24.11, 10199.50, 16.76, 1028.62,447, 7,22,4,27,8,9,22,0,0,0,0,00792, 00754,-1.00,-1.00,-1.00,-1.00,-1.00,-1.00,-291.51,
676000,3.00, 65.90,24.11, 10199.50, 16.75, 1026.23,444, 6,22,4,27,8,9,24,0,0,0,0,00791, 00834,-1.00,-1.00,-1.00,-1.00,-1.00,-1.00,-293.93,
678000,3.10, 70.20,24.11, 10199.50, 16.75, 1026.23,447, 7,22,4,27,8,9,26,0,0,0,0,00808, 00880,-1.00,-1.00,-1.00,-1.00,-1.00,-1.00,-292.32,
680000,3.50, 75.40,24.12, 10199.50, 16.76, 1024.65,444, 6,22,4,27,8,9,28,0,0,0,0,00819, 00781,-1.00,-1.00,-1.00,-1.00,-1.00,-1.00,-291.51,
682000,3.60, 80.00,24.12, 10199.30, 16.76, 1023.87,444, 6,22,4,27,8,9,30,0,0,0,0,00816, 00791,-1.00,-1.00,-1.00,-1.00,-1.00,-1.00,-292.32,
684000,3.80, 85.00,24.12, 10199.30, 16.75, 1023.87,444, 6,22,4,27,8,9,32,0,0,0,0,00810, 00774,-1.00,-1.00,-1.00,-1.00,-1.00,-1.00,-293.12,
686000,4.80, 102.00,24.12, 10199.30, 16.77, 1023.87,438, 5,22,4,27,8,9,34,0,0,0,0,00804, 00801,-1.00,-1.00,-1.00,-1.00,-1.00,-1.00,-292.32,
688000,5.70, 131.70,24.13, 10199.50, 16.77, 1023.08,444, 6,22,4,27,8,9,36,0,0,0,0,00796, 00757,-1.00,-1.00,-1.00,-1.00,-1.00,-1.00,-292.32,
690000,6.90, 150.50,24.13, 10199.50, 16.77, 1030.21,438, 5,22,4,27,8,9,38,0,0,0,0,00788, 00799,-1.00,-1.00,-1.00,-1.00,-1.00,-1.00,-292.32,
692000,8.50, 183.60,24.13, 10199.50, 16.78, 1027.03,444, 6,22,4,27,8,9,40,0,0,0,0,00796, 00774,-1.00,-1.00,-1.00,-1.00,-1.00,-1.00,-291.51,
694000,9.30, 201.40,24.13, 10199.30, 16.80, 1028.62,444, 6,22,4,27,8,9,42,0,0,0,0,00803, 00785,-1.00,-1.00,-1.00,-1.00,-1.00,-1.00,-290.71,
696000,9.70, 199.10,24.14, 10199.30, 16.81, 1030.21,444, 6,22,4,27,8,9,44,0,0,0,0,00808, 00816,-1.00,-1.00,-1.00,-1.00,-1.00,-1.00,-293.12,
698000,10.30, 211.50,24.14, 10199.30, 16.83, 1028.62,438, 5,22,4,27,8,9,46,0,0,0,0,00805, 00764,-1.00,-1.00,-1.00,-1.00,-1.00,-1.00,-291.51,
700000,10.60, 218.60,24.14, 10199.10, 16.85, 1025.44,444, 6,22,4,27,8,9,48,0,0,0,0,00821, 00848,-1.00,-1.00,-1.00,-1.00,-1.00,-1.00,-291.51,
702000,10.60, 212.80,24.14, 10199.10, 16.87, 1028.62,444, 6,22,4,27,8,9,50,0,0,0,0,00837, 00901,-1.00,-1.00,-1.00,-1.00,-1.00,-1.00,-293.12,
704000,10.60, 211.70,24.14, 10199.10, 16.88, 1033.41,438, 5,22,4,27,8,9,52,0,0,0,0,00824, 00786,-1.00,-1.00,-1.00,-1.00,-1.00,-1.00,-291.51,
706000,10.60, 219.50,24.15, 10199.50, 16.89, 1028.62,444, 6,22,4,27,8,9,54,0,0,0,0,00821, 00805,-1.00,-1.00,-1.00,-1.00,-1.00,-1.00,-292.32,
708000,10.50, 218.80,24.15, 10199.50, 16.91, 1026.23,438, 5,22,4,27,8,9,56,0,0,0,0,00810, 00753,-1.00,-1.00,-1.00,-1.00,-1.00,-1.00,-293.12,
710000,10.20, 217.70,24.15, 10199.50, 16.92, 1028.62,438, 5,22,4,27,8,9,58,0,0,0,0,00799, 00769,-1.00,-1.00,-1.00,-1.00,-1.00,-1.00,-290.71,
712000,10.20, 214.20,24.15, 10199.50, 16.93, 1029.41,438, 5,22,4,27,8,10,0,0,0,0,0,00816, 00913,-1.00,-1.00,-1.00,-1.00,-1.00,-1.00,-290.71,
714000,10.10, 210.30,24.16, 10199.50, 16.95, 1032.61,444, 6,22,4,27,8,10,2,0,0,0,0,00812, 00823,-1.00,-1.00,-1.00,-1.00,-1.00,-1.00,-291.51,
716000,9.20, 193.90,24.16, 10199.50, 16.93, 1025.44,444, 6,22,4,27,8,10,4,0,0,0,0,00809, 00868,-1.00,-1.00,-1.00,-1.00,-1.00,-1.00,-293.12,
718000,9.00, 186.00,24.16, 10199.50, 16.93, 1032.61,438, 5,22,4,27,8,10,6,0,0,0,0,00811, 00915,-1.00,-1.00,-1.00,-1.00,-1.00,-1.00,-289.90,
720000,8.40, 183.90,24.16, 10199.70, 16.94, 1026.23,438, 5,22,4,27,8,10,8,0,0,0,0,00822, 00787,-1.00,-1.00,-1.00,-1.00,-1.00,-1.00,-293.93,
722000,8.40, 185.20,24.16, 10199.70, 16.92, 1032.61,438, 5,22,4,27,8,10,10,0,0,0,0,00823, 00804,-1.00,-1.00,-1.00,-1.00,-1.00,-1.00,-293.12,
724000,10.10, 210.10,24.17, 10199.50, 16.93, 1031.01,438, 5,22,4,27,8,10,12,0,0,0,0,00818, 00791,-1.00,-1.00,-1.00,-1.00,-1.00,-1.00,-291.51,
726000,12.00, 243.80,24.17, 10199.50, 16.93, 1033.41,438, 5,22,4,27,8,10,14,0,0,0,0,00811, 00792,-1.00,-1.00,-1.00,-1.00,-1.00,-1.00,-293.12,
728000,12.50, 263.20,24.17, 10199.50, 16.92, 1028.62,438, 5,22,4,27,8,10,16,0,0,0,0,00801, 00811,-1.00,-1.00,-1.00,-1.00,-1.00,-1.00,-292.32,
730000,14.40, 300.00,24.18, 10199.50, 16.92, 1031.01,438, 5,22,4,27,8,10,18,0,0,0,0,00793, 00762,-1.00,-1.00,-1.00,-1.00,-1.00,-1.00,-291.51,
732000,15.60, 314.40,24.18, 10199.50, 16.93, 1030.21,444, 6,22,4,27,8,10,20,0,0,0,0,00779, 00694,-1.00,-1.00,-1.00,-1.00,-1.00,-1.00,-290.71,
734000,16.90, 341.20,24.18, 10199.50, 16.92, 1035.83,434, 5,22,4,27,8,10,22,0,0,0,0,00787, 00788,-1.00,-1.00,-1.00,-1.00,-1.00,-1.00,-290.71,
736000,18.20, 360.70,24.18, 10199.30, 16.94, 1032.61,438, 5,22,4,27,8,10,24,0,0,0,0,00805, 00839,-1.00,-1.00,-1.00,-1.00,-1.00,-1.00,-292.32,
738000,19.90, 394.70,24.19, 10199.50, 16.95, 1030.21,434, 5,22,4,27,8,10,26,0,0,0,0,00811, 00847,-1.00,-1.00,-1.00,-1.00,-1.00,-1.00,-289.90,
740000,21.70, 423.70,24.19, 10199.50, 16.95, 1031.81,438, 5,22,4,27,8,10,28,0,0,0,0,00805, 00793,-1.00,-1.00,-1.00,-1.00,-1.00,-1.00,-293.12,
742000,23.00, 456.80,24.19, 10199.50, 16.97, 1028.62,438, 5,22,4,27,8,10,30,0,0,0,0,00804, 00881,-1.00,-1.00,-1.00,-1.00,-1.00,-1.00,-292.32,
744000,23.90, 475.60,24.20, 10199.50, 16.97, 1033.41,438, 5,22,4,27,8,10,32,0,0,0,0,00808, 00881,-1.00,-1.00,-1.00,-1.00,-1.00,-1.00,-293.93,
746000,24.30, 491.80,24.20, 10199.50, 16.97, 1035.02,438, 5,22,4,27,8,10,34,0,0,0,0,00808, 00760,-1.00,-1.00,-1.00,-1.00,-1.00,-1.00,-291.51,
748000,23.90, 475.20,24.20, 10199.50, 16.99, 1035.02,438, 5,22,4,27,8,10,36,0,0,0,0,00800, 00793,-1.00,-1.00,-1.00,-1.00,-1.00,-1.00,-293.12,
750000,23.20, 461.40,24.20, 10199.50, 16.98, 1032.61,438, 5,22,4,27,8,10,38,0,0,0,0,00806, 00828,-1.00,-1.00,-1.00,-1.00,-1.00,-1.00,-290.71,
752000,21.90, 427.60,24.20, 10199.50, 17.00, 1030.21,434, 5,22,4,27,8,10,40,0,0,0,0,00799, 00764,-1.00,-1.00,-1.00,-1.00,-1.00,-1.00,-291.51,
754000,19.30, 380.00,24.21, 10199.70, 17.00, 1034.21,438, 5,22,4,27,8,10,42,0,0,0,0,00801, 00800,-1.00,-1.00,-1.00,-1.00,-1.00,-1.00,-292.32,
756000,17.80, 356.20,24.21, 10199.50, 17.00, 1035.02,438, 5,22,4,27,8,10,44,0,0,0,0,00792, 00726,-1.00,-1.00,-1.00,-1.00,-1.00,-1.00,-293.12,
758000,18.00, 341.50,24.21, 10199.50, 16.98, 1035.83,438, 5,22,4,27,8,10,46,0,0,0,0,00785, 00796,-1.00,-1.00,-1.00,-1.00,-1.00,-1.00,-291.51,
760000,16.80, 330.30,24.21, 10199.50, 16.99, 1033.41,438, 5,22,4,27,8,10,48,0,0,0,0,00791, 00779,-1.00,-1.00,-1.00,-1.00,-1.00,-1.00,-293.12,
762000,16.80, 335.40,24.22, 10199.30, 16.98, 1034.21,438, 5,22,4,27,8,10,50,0,0,0,0,00799, 00850,-1.00,-1.00,-1.00,-1.00,-1.00,-1.00,-292.32,
764000,16.70, 327.90,24.22, 10199.30, 16.98, 1030.21,444, 6,22,4,27,8,10,52,0,0,0,0,00816, 00832,-1.00,-1.00,-1.00,-1.00,-1.00,-1.00,-291.51,
766000,16.60, 328.50,24.22, 10199.30, 16.98, 1031.81,444, 6,22,4,27,8,10,54,0,0,0,0,00815, 00837,-1.00,-1.00,-1.00,-1.00,-1.00,-1.00,-293.12,
768000,16.90, 326.00,24.22, 10199.50, 16.97, 1035.02,447, 7,22,4,27,8,10,56,0,0,0,0,00812, 00782,-1.00,-1.00,-1.00,-1.00,-1.00,-1.00,-290.71,
770000,16.70, 338.10,24.23, 10199.50, 16.99, 1036.63,447, 7,22,4,27,8,10,58,0,0,0,0,00821, 00819,-1.00,-1.00,-1.00,-1.00,-1.00,-1.00,-291.51,
772000,17.20, 343.90,24.23, 10199.50, 16.99, 1036.63,447, 7,22,4,27,8,11,0,0,0,0,0,00817, 00830,-1.00,-1.00,-1.00,-1.00,-1.00,-1.00,-291.51,
774000,17.60, 349.60,24.23, 10199.50, 17.00, 1031.81,452, 7,22,4,27,8,11,2,0,0,0,0,0,0,-1.00,-1.00,-1.00,-1.00,-1.00,-1.00,-292.32, CozIR
776000,18.10, 354.60,24.23, 10199.50, 17.00, 1032.61,452, 7,22,4,27,8,11,4,0,0,0,0,00832, 00836,-1.00,-1.00,-1.00,-1.00,-1.00,-1.00,-291.51,
778000,18.60, 365.80,24.24, 10199.50, 17.01, 1031.81,456, 8,22,4,27,8,11,6,0,0,0,0,00848, 00899,-1.00,-1.00,-1.00,-1.00,-1.00,-1.00,-291.51,
780000,19.10, 375.90,24.24, 10199.50, 17.03, 1033.41,456, 8,22,4,27,8,11,8,0,0,0,0,00853, 00912,-1.00,-1.00,-1.00,-1.00,-1.00,-1.00,-289.90,
782000,19.00, 380.30,24.24, 10199.50, 17.03, 1034.21,456, 8,22,4,27,8,11,10,0,0,0,0,00847, 00845,-1.00,-1.00,-1.00,-1.00,-1.00,-1.00,-295.54,
784000,19.60, 385.00,24.24, 10199.70, 17.03, 1031.81,462, 9,22,4,27,8,11,12,0,0,0,0,00836, 00831,-1.00,-1.00,-1.00,-1.00,-1.00,-1.00,-293.12,
786000,19.00, 370.30,24.25, 10199.70, 17.05, 1034.21,462, 9,22,4,27,8,11,14,0,0,0,0,00837, 00789,-1.00,-1.00,-1.00,-1.00,-1.00,-1.00,-289.90,
788000,17.80, 350.00,24.25, 10199.50, 17.05, 1032.61,456, 8,22,4,27,8,11,16,0,0,0,0,00835, 00845,-1.00,-1.00,-1.00,-1.00,-1.00,-1.00,-291.51,
790000,16.70, 316.90,24.25, 10199.50, 17.05, 1035.02,456, 8,22,4,27,8,11,18,0,0,0,0,00831, 00767,-1.00,-1.00,-1.00,-1.00,-1.00,-1.00,-293.12,
792000,15.40, 297.90,24.25, 10199.50, 17.04, 1036.63,452, 7,22,4,27,8,11,20,0,0,0,0,00822, 00785,-1.00,-1.00,-1.00,-1.00,-1.00,-1.00,-291.51,
794000,14.30, 284.40,24.25, 10199.30, 17.05, 1029.41,452, 7,22,4,27,8,11,22,0,0,0,0,0,0,-1.00,-1.00,-1.00,-1.00,-1.00,-1.00,-290.71, CozIR
796000,13.00, 252.50,24.26, 10199.30, 17.03, 1032.61,456, 8,22,4,27,8,11,24,0,0,0,0,00835, 00905,-1.00,-1.00,-1.00,-1.00,-1.00,-1.00,-289.09,
798000,10.90, 218.30,24.26, 10199.30, 17.02, 1032.61,452, 7,22,4,27,8,11,26,0,0,0,0,00833, 00806,-1.00,-1.00,-1.00,-1.00,-1.00,-1.00,-291.51,
800000,9.50, 175.10,24.26, 10199.30, 17.02, 1035.02,452, 7,22,4,27,8,11,28,0,0,0,0,00837, 00940,-1.00,-1.00,-1.00,-1.00,-1.00,-1.00,-293.12,
802000,7.60, 133.80,24.26, 10199.10, 16.99, 1035.02,447, 7,22,4,27,8,11,30,0,0,0,0,00844, 00844,-1.00,-1.00,-1.00,-1.00,-1.00,-1.00,-291.51,
804000,6.40, 108.70,24.26, 10199.30, 17.00, 1036.63,447, 7,22,4,27,8,11,32,0,0,0,0,00835, 00800,-1.00,-1.00,-1.00,-1.00,-1.00,-1.00,-291.51,
806000,5.50, 93.40,24.27, 10199.50, 16.99, 1036.63,447, 7,22,4,27,8,11,34,0,0,0,0,00831, 00831,-1.00,-1.00,-1.00,-1.00,-1.00,-1.00,-292.32,
808000,5.00, 83.80,24.27, 10199.30, 16.99, 1035.83,447, 7,22,4,27,8,11,36,0,0,0,0,00826, 00787,-1.00,-1.00,-1.00,-1.00,-1.00,-1.00,-293.12,
810000,4.50, 68.90,24.27, 10199.30, 16.97, 1036.63,447, 7,22,4,27,8,11,38,0,0,0,0,00826, 00797,-1.00,-1.00,-1.00,-1.00,-1.00,-1.00,-289.09,
812000,4.40, 61.50,24.27, 10199.30, 16.97, 1039.88,452, 7,22,4,27,8,11,40,0,0,0,0,00813, 00787,-1.00,-1.00,-1.00,-1.00,-1.00,-1.00,-293.12,
814000,3.80, 59.00,24.28, 10199.10, 16.97, 1038.25,444, 6,22,4,27,8,11,42,0,0,0,0,0,0,-1.00,-1.00,-1.00,-1.00,-1.00,-1.00,-292.32, CozIR
816000,3.70, 57.50,24.28, 10199.10, 16.98, 1033.41,444, 6,22,4,27,8,11,44,0,0,0,0,00804, 00848,-1.00,-1.00,-1.00,-1.00,-1.00,-1.00,-291.51,
818000,3.40, 55.30,24.28, 10199.10, 16.98, 1038.25,444, 6,22,4,27,8,11,46,0,0,0,0,00807, 00847,-1.00,-1.00,-1.00,-1.00,-1.00,-1.00,-290.71,
820000,3.30, 52.00,24.28, 10199.50, 16.98, 1040.69,444, 6,22,4,27,8,11,48,0,0,0,0,00804, 00818,-1.00,-1.00,-1.00,-1.00,-1.00,-1.00,-289.90,
822000,3.30, 55.70,24.28, 10199.50, 16.99, 1038.25,444, 6,22,4,27,8,11,50,0,0,0,0,00807, 00799,-1.00,-1.00,-1.00,-1.00,-1.00,-1.00,-291.51,
824000,3.60, 60.70,24.29, 10199.50, 16.99, 1039.88,444, 6,22,4,27,8,11,52,0,0,0,0,00801, 00760,-1.00,-1.00,-1.00,-1.00,-1.00,-1.00,-289.90,
826000,3.50, 59.20,24.29, 10199.50, 16.99, 1039.06,438, 5,22,4,27,8,11,54,0,0,0,0,00810, 00842,-1.00,-1.00,-1.00,-1.00,-1.00,-1.00,-293.12,
828000,3.40, 58.60,24.29, 10199.30, 16.99, 1035.83,438, 5,22,4,27,8,11,56,0,0,0,0,00802, 00758,-1.00,-1.00,-1.00,-1.00,-1.00,-1.00,-291.51,
830000,3.40, 62.50,24.29, 10199.30, 16.98, 1039.88,438, 5,22,4,27,8,11,58,0,0,0,0,00809, 00856,-1.00,-1.00,-1.00,-1.00,-1.00,-1.00,-293.12,
832000,3.50, 61.60,24.29, 10199.30, 17.00, 1039.88,444, 6,22,4,27,8,12,0,0,0,0,0,00802, 00793,-1.00,-1.00,-1.00,-1.00,-1.00,-1.00,-289.90,
834000,3.60, 63.50,24.30, 10199.30, 16.97, 1039.06,438, 5,22,4,27,8,12,2,0,0,0,0,00811, 00857,-1.00,-1.00,-1.00,-1.00,-1.00,-1.00,-287.48,
836000,4.00, 69.60,24.30, 10199.50, 16.96, 1043.14,438, 5,22,4,27,8,12,4,0,0,0,0,00812, 00787,-1.00,-1.00,-1.00,-1.00,-1.00,-1.00,-293.93,
838000,3.80, 63.80,24.30, 10199.50, 16.95, 1038.25,438, 5,22,4,27,8,12,6,0,0,0,0,00810, 00843,-1.00,-1.00,-1.00,-1.00,-1.00,-1.00,-293.93,
840000,3.80, 61.60,24.31, 10199.50, 16.95, 1037.44,434, 5,22,4,27,8,12,8,0,0,0,0,00811, 00813,-1.00,-1.00,-1.00,-1.00,-1.00,-1.00,-293.93,
842000,4.20, 79.50,24.31, 10199.50, 16.94, 1040.69,434, 5,22,4,27,8,12,10,0,0,0,0,00807, 00835,-1.00,-1.00,-1.00,-1.00,-1.00,-1.00,-291.51,
844000,4.30, 83.10,24.31, 10199.30, 16.94, 1041.50,438, 5,22,4,27,8,12,12,0,0,0,0,00810, 00794,-1.00,-1.00,-1.00,-1.00,-1.00,-1.00,-291.51,
846000,4.30, 84.30,24.31, 10199.30, 16.94, 1040.69,434, 5,22,4,27,8,12,14,0,0,0,0,00806, 00825,-1.00,-1.00,-1.00,-1.00,-1.00,-1.00,-291.51,
848000,4.30, 83.70,24.31, 10199.30, 16.94, 1040.69,434, 5,22,4,27,8,12,16,0,0,0,0,00801, 00755,-1.00,-1.00,-1.00,-1.00,-1.00,-1.00,-289.90,
850000,4.30, 83.40,24.32, 10199.30, 16.94, 1043.14,438, 5,22,4,27,8,12,18,0,0,0,0,00788, 00792,-1.00,-1.00,-1.00,-1.00,-1.00,-1.00,-292.32,
852000,4.20, 74.30,24.32, 10199.30, 16.94, 1043.14,434, 5,22,4,27,8,12,20,0,0,0,0,00792, 00791,-1.00,-1.00,-1.00,-1.00,-1.00,-1.00,-291.51,
854000,4.10, 73.70,24.32, 10199.50, 16.94, 1046.42,438, 5,22,4,27,8,12,22,0,0,0,0,00791, 00831,-1.00,-1.00,-1.00,-1.00,-1.00,-1.00,-291.51,
856000,3.90, 67.30,24.32, 10199.50, 16.92, 1039.88,434, 5,22,4,27,8,12,24,0,0,0,0,00791, 00785,-1.00,-1.00,-1.00,-1.00,-1.00,-1.00,-293.12,
858000,3.90, 66.10,24.33, 10199.30, 16.92, 1041.50,438, 5,22,4,27,8,12,26,0,0,0,0,00794, 00822,-1.00,-1.00,-1.00,-1.00,-1.00,-1.00,-291.51,
860000,3.70, 62.80,24.33, 10199.30, 16.91, 1048.07,434, 5,22,4,27,8,12,28,0,0,0,0,00792, 00797,-1.00,-1.00,-1.00,-1.00,-1.00,-1.00,-292.32,
862000,3.60, 62.60,24.33, 10199.30, 16.91, 1045.60,434, 5,22,4,27,8,12,30,0,0,0,0,00786, 00776,-1.00,-1.00,-1.00,-1.00,-1.00,-1.00,-289.09,
864000,3.70, 62.10,24.33, 10199.30, 16.90, 1045.60,434, 5,22,4,27,8,12,32,0,0,0,0,00778, 00739,-1.00,-1.00,-1.00,-1.00,-1.00,-1.00,-291.51,
866000,2.90, 52.10,24.34, 10199.30, 16.90, 1044.78,434, 5,22,4,27,8,12,34,0,0,0,0,00776, 00760,-1.00,-1.00,-1.00,-1.00,-1.00,-1.00,-293.93,
868000,2.80, 52.20,24.34, 10199.30, 16.89, 1046.42,438, 5,22,4,27,8,12,36,0,0,0,0,00780, 00749,-1.00,-1.00,-1.00,-1.00,-1.00,-1.00,-290.71,
870000,2.60, 49.10,24.34, 10199.50, 16.89, 1044.78,438, 5,22,4,27,8,12,38,0,0,0,0,00785, 00773,-1.00,-1.00,-1.00,-1.00,-1.00,-1.00,-290.71,
872000,2.00, 29.70,24.34, 10199.50, 16.89, 1045.60,438, 5,22,4,27,8,12,40,0,0,0,0,00791, 00849,-1.00,-1.00,-1.00,-1.00,-1.00,-1.00,-289.90,
874000,1.80, 23.70,24.35, 10199.30, 16.88, 1046.42,434, 5,22,4,27,8,12,42,0,0,0,0,00797, 00800,-1.00,-1.00,-1.00,-1.00,-1.00,-1.00,-292.32,
876000,1.90, 22.30,24.35, 10199.30, 16.88, 1049.72,434, 5,22,4,27,8,12,44,0,0,0,0,00794, 00734,-1.00,-1.00,-1.00,-1.00,-1.00,-1.00,-292.32,
878000,2.00, 24.70,24.35, 10199.30, 16.86, 1047.24,434, 5,22,4,27,8,12,46,0,0,0,0,00785, 00769,-1.00,-1.00,-1.00,-1.00,-1.00,-1.00,-291.51,
880000,2.10, 28.40,24.35, 10199.30, 16.85, 1048.07,434, 5,22,4,27,8,12,48,0,0,0,0,00785, 00749,-1.00,-1.00,-1.00,-1.00,-1.00,-1.00,-290.71,
882000,2.20, 29.10,24.35, 10199.10, 16.85, 1048.90,434, 5,22,4,27,8,12,50,0,0,0,0,00788, 00794,-1.00,-1.00,-1.00,-1.00,-1.00,-1.00,-293.12,
884000,2.10, 28.10,24.36, 10199.10, 16.84, 1050.55,438, 5,22,4,27,8,12,52,0,0,0,0,00799, 00807,-1.00,-1.00,-1.00,-1.00,-1.00,-1.00,-291.51,
886000,2.10, 29.50,24.36, 10199.30, 16.84, 1049.72,434, 5,22,4,27,8,12,54,0,0,0,0,00797, 00797,-1.00,-1.00,-1.00,-1.00,-1.00,-1.00,-292.32,
888000,2.00, 27.40,24.36, 10199.30, 16.83, 1051.38,434, 5,22,4,27,8,12,56,0,0,0,0,00797, 00787,-1.00,-1.00,-1.00,-1.00,-1.00,-1.00,-289.90,
890000,2.20, 28.70,24.37, 10199.30, 16.81, 1050.55,434, 5,22,4,27,8,12,58,0,0,0,0,00800, 00799,-1.00,-1.00,-1.00,-1.00,-1.00,-1.00,-293.12,
892000,2.30, 32.10,24.37, 10199.30, 16.82, 1049.72,434, 5,22,4,27,8,13,0,0,0,0,0,00806, 00811,-1.00,-1.00,-1.00,-1.00,-1.00,-1.00,-289.90,
894000,2.30, 35.40,24.37, 10199.30, 16.83, 1044.78,434, 5,22,4,27,8,13,2,0,0,0,0,00801, 00809,-1.00,-1.00,-1.00,-1.00,-1.00,-1.00,-293.12,
896000,2.50, 40.30,24.37, 10199.10, 16.81, 1051.38,434, 5,22,4,27,8,13,4,0,0,0,0,00800, 00831,-1.00,-1.00,-1.00,-1.00,-1.00,-1.00,-291.51,
898000,2.60, 39.60,24.37, 10199.30, 16.80, 1047.24,434, 5,22,4,27,8,13,6,0,0,0,0,00800, 00835,-1.00,-1.00,-1.00,-1.00,-1.00,-1.00,-290.71,
900000,2.60, 41.50,24.38, 10199.30, 16.79, 1054.72,434, 5,22,4,27,8,13,8,0,0,0,0,00805, 00789,-1.00,-1.00,-1.00,-1.00,-1.00,-1.00,-290.71,
902000,2.90, 50.80,24.38, 10199.10, 16.80, 1051.38,434, 5,22,4,27,8,13,10,0,0,0,0,00801, 00776,-1.00,-1.00,-1.00,-1.00,-1.00,-1.00,-291.51,
904000,3.60, 60.80,24.38, 10199.30, 16.79, 1049.72,434, 5,22,4,27,8,13,12,0,0,0,0,00804, 00889,-1.00,-1.00,-1.00,-1.00,-1.00,-1.00,-293.12,
906000,4.40, 76.20,24.38, 10199.30, 16.80, 1051.38,434, 5,22,4,27,8,13,14,0,0,0,0,00810, 00805,-1.00,-1.00,-1.00,-1.00,-1.00,-1.00,-292.32,
908000,5.00, 84.50,24.39, 10199.30, 16.78, 1051.38,427, 4,22,4,27,8,13,16,0,0,0,0,00806, 00737,-1.00,-1.00,-1.00,-1.00,-1.00,-1.00,-289.90,
910000,5.50, 86.10,24.39, 10199.30, 16.79, 1052.21,427, 4,22,4,27,8,13,18,0,0,0,0,00795, 00786,-1.00,-1.00,-1.00,-1.00,-1.00,-1.00,-291.51,
912000,6.10, 101.90,24.39, 10199.10, 16.77, 1050.55,427, 4,22,4,27,8,13,20,0,0,0,0,00785, 00729,-1.00,-1.00,-1.00,-1.00,-1.00,-1.00,-293.12,
914000,7.10, 123.10,24.39, 10199.10, 16.79, 1056.39,427, 4,22,4,27,8,13,22,0,0,0,0,00783, 00835,-1.00,-1.00,-1.00,-1.00,-1.00,-1.00,-289.90,
916000,8.50, 146.30,24.40, 10199.10, 16.78, 1051.38,427, 4,22,4,27,8,13,24,0,0,0,0,00787, 00817,-1.00,-1.00,-1.00,-1.00,-1.00,-1.00,-290.71,
918000,10.20, 172.40,24.40, 10199.30, 16.78, 1053.88,434, 5,22,4,27,8,13,26,0,0,0,0,00785, 00718,-1.00,-1.00,-1.00,-1.00,-1.00,-1.00,-288.29,
920000,10.70, 182.40,24.40, 10199.30, 16.78, 1053.88,434, 5,22,4,27,8,13,28,0,0,0,0,00779, 00786,-1.00,-1.00,-1.00,-1.00,-1.00,-1.00,-290.71,
922000,12.60, 213.10,24.40, 10199.30, 16.79, 1055.56,434, 5,22,4,27,8,13,30,0,0,0,0,00775, 00761,-1.00,-1.00,-1.00,-1.00,-1.00,-1.00,-293.12,
924000,14.40, 235.30,24.40, 10199.30, 16.79, 1054.72,434, 5,22,4,27,8,13,32,0,0,0,0,00783, 00798,-1.00,-1.00,-1.00,-1.00,-1.00,-1.00,-293.12,
926000,14.90, 247.50,24.41, 10199.10, 16.78, 1053.88,434, 5,22,4,27,8,13,34,0,0,0,0,00780, 00774,-1.00,-1.00,-1.00,-1.00,-1.00,-1.00,-293.12,
928000,15.80, 269.30,24.41, 10199.10, 16.79, 1048.90,427, 4,22,4,27,8,13,36,0,0,0,0,00765, 00784,-1.00,-1.00,-1.00,-1.00,-1.00,-1.00,-289.90,
930000,16.80, 282.00,24.41, 10199.10, 16.78, 1053.88,427, 4,22,4,27,8,13,38,0,0,0,0,00767, 00739,-1.00,-1.00,-1.00,-1.00,-1.00,-1.00,-291.51,
932000,16.80, 285.00,24.41, 10199.10, 16.79, 1054.72,434, 5,22,4,27,8,13,40,0,0,0,0,00779, 00830,-1.00,-1.00,-1.00,-1.00,-1.00,-1.00,-292.32,
934000,16.80, 286.10,24.42, 10199.10, 16.79, 1058.08,427, 4,22,4,27,8,13,42,0,0,0,0,00790, 00755,-1.00,-1.00,-1.00,-1.00,-1.00,-1.00,-292.32,
936000,16.00, 271.40,24.42, 10199.50, 16.78, 1058.08,427, 4,22,4,27,8,13,44,0,0,0,0,00794, 00792,-1.00,-1.00,-1.00,-1.00,-1.00,-1.00,-289.90,
938000,15.60, 267.60,24.42, 10199.50, 16.78, 1052.21,427, 4,22,4,27,8,13,46,0,0,0,0,00800, 00901,-1.00,-1.00,-1.00,-1.00,-1.00,-1.00,-289.09,
940000,15.80, 275.70,24.42, 10199.50, 16.78, 1055.56,427, 4,22,4,27,8,13,48,0,0,0,0,00796, 00789,-1.00,-1.00,-1.00,-1.00,-1.00,-1.00,-293.93,
942000,15.70, 276.90,24.42, 10199.50, 16.78, 1056.39,427, 4,22,4,27,8,13,50,0,0,0,0,00788, 00755,-1.00,-1.00,-1.00,-1.00,-1.00,-1.00,-292.32,
944000,15.00, 262.20,24.43, 10199.50, 16.78, 1058.08,427, 4,22,4,27,8,13,52,0,0,0,0,00796, 00830,-1.00,-1.00,-1.00,-1.00,-1.00,-1.00,-291.51,
946000,14.10, 241.40,24.43, 10199.50, 16.77, 1055.56,427, 4,22,4,27,8,13,54,0,0,0,0,00805, 00843,-1.00,-1.00,-1.00,-1.00,-1.00,-1.00,-292.32,
948000,12.80, 217.30,24.43, 10199.30, 16.77, 1056.39,427, 4,22,4,27,8,13,56,0,0,0,0,00802, 00762,-1.00,-1.00,-1.00,-1.00,-1.00,-1.00,-290.71,
950000,12.10, 207.30,24.43, 10199.30, 16.77, 1058.08,427, 4,22,4,27,8,13,58,0,0,0,0,00801, 00775,-1.00,-1.00,-1.00,-1.00,-1.00,-1.00,-292.32,
952000,10.30, 176.60,24.43, 10199.30, 16.77, 1057.23,427, 4,22,4,27,8,14,0,0,0,0,0,00792, 00768,-1.00,-1.00,-1.00,-1.00,-1.00,-1.00,-289.90,
954000,8.40, 155.70,24.44, 10199.30, 16.77, 1058.08,427, 4,22,4,27,8,14,2,0,0,0,0,00783, 00761,-1.00,-1.00,-1.00,-1.00,-1.00,-1.00,-292.32,
956000,7.80, 138.50,24.44, 10199.50, 16.77, 1057.23,434, 5,22,4,27,8,14,4,0,0,0,0,00779, 00825,-1.00,-1.00,-1.00,-1.00,-1.00,-1.00,-289.09,
958000,6.90, 120.10,24.44, 10199.50, 16.76, 1062.30,427, 4,22,4,27,8,14,6,0,0,0,0,00788, 00837,-1.00,-1.00,-1.00,-1.00,-1.00,-1.00,-289.90,
960000,5.90, 112.50,24.44, 10199.30, 16.76, 1059.76,427, 4,22,4,27,8,14,8,0,0,0,0,00790, 00771,-1.00,-1.00,-1.00,-1.00,-1.00,-1.00,-292.32,
962000,5.90, 107.30,24.45, 10199.10, 16.75, 1061.45,427, 4,22,4,27,8,14,10,0,0,0,0,00793, 00770,-1.00,-1.00,-1.00,-1.00,-1.00,-1.00,-293.12,
964000,5.70, 105.00,24.45, 10199.10, 16.76, 1059.76,427, 4,22,4,27,8,14,12,0,0,0,0,00796, 00771,-1.00,-1.00,-1.00,-1.00,-1.00,-1.00,-290.71,
966000,9.30, 193.40,24.45, 10199.10, 16.75, 1059.76,427, 4,22,4,27,8,14,14,0,0,0,0,00793, 00755,-1.00,-1.00,-1.00,-1.00,-1.00,-1.00,-291.51,
968000,15.30, 284.80,24.45, 10199.10, 16.75, 1058.92,427, 4,22,4,27,8,14,16,0,0,0,0,00786, 00755,-1.00,-1.00,-1.00,-1.00,-1.00,-1.00,-293.12,
970000,17.70, 322.60,24.46, 10199.30, 16.75, 1058.08,427, 4,22,4,27,8,14,18,0,0,0,0,00789, 00829,-1.00,-1.00,-1.00,-1.00,-1.00,-1.00,-293.12,
972000,19.50, 350.60,24.46, 10199.10, 16.76, 1058.92,434, 5,22,4,27,8,14,20,0,0,0,0,00789, 00837,-1.00,-1.00,-1.00,-1.00,-1.00,-1.00,-293.12,
974000,20.70, 372.00,24.46, 10199.10, 16.75, 1059.76,427, 4,22,4,27,8,14,22,0,0,0,0,00784, 00752,-1.00,-1.00,-1.00,-1.00,-1.00,-1.00,-291.51,
976000,21.90, 399.80,24.46, 10199.10, 16.74, 1061.45,434, 5,22,4,27,8,14,24,0,0,0,0,0,0,-1.00,-1.00,-1.00,-1.00,-1.00,-1.00,-292.32, CozIR
978000,22.90, 420.70,24.47, 10198.90, 16.76, 1058.08,427, 4,22,4,27,8,14,26,0,0,0,0,00779, 00825,-1.00,-1.00,-1.00,-1.00,-1.00,-1.00,-292.32,
980000,23.90, 450.20,24.47, 10198.90, 16.76, 1063.15,427, 4,22,4,27,8,14,28,0,0,0,0,0,0,-1.00,-1.00,-1.00,-1.00,-1.00,-1.00,-291.51, CozIR
982000,25.30, 474.40,24.47, 10198.90, 16.75, 1060.61,427, 4,22,4,27,8,14,30,0,0,0,0,00784, 00779,-1.00,-1.00,-1.00,-1.00,-1.00,-1.00,-294.73,
984000,25.50, 475.40,24.47, 10198.90, 16.76, 1062.30,425, 3,22,4,27,8,14,32,0,0,0,0,0,0,-1.00,-1.00,-1.00,-1.00,-1.00,-1.00,-292.32, CozIR
986000,25.80, 482.70,24.47, 10198.90, 16.76, 1063.15,427, 4,22,4,27,8,14,34,0,0,0,0,00779, 00771,-1.00,-1.00,-1.00,-1.00,-1.00,-1.00,-293.12,
988000,26.40, 491.50,24.48, 10199.10, 16.76, 1062.30,427, 4,22,4,27,8,14,36,0,0,0,0,0,0,-1.00,-1.00,-1.00,-1.00,-1.00,-1.00,-292.32, CozIR
990000,26.70, 497.60,24.48, 10199.30, 16.76, 1062.30,434, 5,22,4,27,8,14,38,0,0,0,0,00780, 00794,-1.00,-1.00,-1.00,-1.00,-1.00,-1.00,-291.51,
992000,27.80, 521.90,24.48, 10199.30, 16.76, 1059.76,434, 5,22,4,27,8,14,40,0,0,0,0,0,0,-1.00,-1.00,-1.00,-1.00,-1.00,-1.00,-293.12, CozIR
994000,28.00, 535.90,24.48, 10199.10, 16.77, 1062.30,427, 4,22,4,27,8,14,42,0,0,0,0,00787, 00856,-1.00,-1.00,-1.00,-1.00,-1.00,-1.00,-289.90,
996000,25.10, 465.30,24.49, 10199.10, 16.76, 1065.70,427, 4,22,4,27,8,14,44,0,0,0,0,0,0,-1.00,-1.00,-1.00,-1.00,-1.00,-1.00,-289.09, CozIR
998000,20.90, 410.00,24.49, 10198.90, 16.78, 1061.45,427, 4,22,4,27,8,14,46,0,0,0,0,00789, 00788,-1.00,-1.00,-1.00,-1.00,-1.00,-1.00,-293.12,
1000000,20.30, 399.30,24.49, 10198.90, 16.79, 1064.00,434, 5,22,4,27,8,14,48,0,0,0,0,0,0,-1.00,-1.00,-1.00,-1.00,-1.00,-1.00,-291.51, CozIR
1002000,19.60, 385.20,24.49, 10199.10, 16.79, 1065.70,434, 5,22,4,27,8,14,50,0,0,0,0,00781, 00770,-1.00,-1.00,-1.00,-1.00,-1.00,-1.00,-291.51,
1004000,20.70, 404.90,24.49, 10198.90, 16.79, 1063.15,434, 5,22,4,27,8,14,52,0,0,0,0,00783, 00776,-1.00,-1.00,-1.00,-1.00,-1.00,-1.00,-291.51,
1006000,21.90, 415.60,24.50, 10199.30, 16.79, 1061.45,438, 5,22,4,27,8,14,54,0,0,0,0,00775, 00795,-1.00,-1.00,-1.00,-1.00,-1.00,-1.00,-290.71,
1008000,22.90, 433.10,24.50, 10199.30, 16.81, 1063.15,438, 5,22,4,27,8,14,56,0,0,0,0,00788, 00786,-1.00,-1.00,-1.00,-1.00,-1.00,-1.00,-293.12,
1010000,23.30, 422.20,24.50, 10199.10, 16.81, 1064.85,438, 5,22,4,27,8,14,58,0,0,0,0,00786, 00821,-1.00,-1.00,-1.00,-1.00,-1.00,-1.00,-293.12,
1012000,23.00, 413.30,24.50, 10199.10, 16.83, 1061.45,444, 6,22,4,27,8,15,0,0,0,0,0,00788, 00757,-1.00,-1.00,-1.00,-1.00,-1.00,-1.00,-290.71,
1014000,23.00, 409.80,24.50, 10198.90, 16.84, 1063.15,444, 6,22,4,27,8,15,2,0,0,0,0,00795, 00858,-1.00,-1.00,-1.00,-1.00,-1.00,-1.00,-292.32,
1016000,23.70, 428.50,24.51, 10198.90, 16.85, 1062.30,447, 7,22,4,27,8,15,4,0,0,0,0,00801, 00869,-1.00,-1.00,-1.00,-1.00,-1.00,-1.00,-292.32,
1018000,23.70, 428.80,24.51, 10198.90, 16.84, 1062.30,444, 6,22,4,27,8,15,6,0,0,0,0,00812, 00923,-1.00,-1.00,-1.00,-1.00,-1.00,-1.00,-293.12,
1020000,23.70, 432.90,24.51, 10198.70, 16.85, 1062.30,444, 6,22,4,27,8,15,8,0,0,0,0,00827, 00814,-1.00,-1.00,-1.00,-1.00,-1.00,-1.00,-295.54,
1022000,22.70, 410.10,24.51, 10199.10, 16.86, 1061.45,447, 7,22,4,27,8,15,10,0,0,0,0,00830, 00859,-1.00,-1.00,-1.00,-1.00,-1.00,-1.00,-291.51,
1024000,22.50, 391.10,24.52, 10199.10, 16.88, 1061.45,447, 7,22,4,27,8,15,12,0,0,0,0,00823, 00834,-1.00,-1.00,-1.00,-1.00,-1.00,-1.00,-290.71,
1026000,21.70, 377.50,24.52, 10199.10, 16.87, 1062.30,447, 7,22,4,27,8,15,14,0,0,0,0,00814, 00751,-1.00,-1.00,-1.00,-1.00,-1.00,-1.00,-291.51,
1028000,20.00, 338.50,24.52, 10198.90, 16.88, 1063.15,447, 7,22,4,27,8,15,16,0,0,0,0,00803, 00738,-1.00,-1.00,-1.00,-1.00,-1.00,-1.00,-295.54,
1030000,17.50, 302.90,24.52, 10198.90, 16.89, 1058.08,452, 7,22,4,27,8,15,18,0,0,0,0,00803, 00801,-1.00,-1.00,-1.00,-1.00,-1.00,-1.00,-291.51,
1032000,15.90, 274.50,24.52, 10199.10, 16.90, 1062.30,452, 7,22,4,27,8,15,20,0,0,0,0,00803, 00788,-1.00,-1.00,-1.00,-1.00,-1.00,-1.00,-294.73,
1034000,13.40, 229.70,24.53, 10198.90, 16.90, 1063.15,452, 7,22,4,27,8,15,22,0,0,0,0,00810, 00850,-1.00,-1.00,-1.00,-1.00,-1.00,-1.00,-292.32,
1036000,10.90, 196.70,24.53, 10198.90, 16.91, 1060.61,452, 7,22,4,27,8,15,24,0,0,0,0,00802, 00721,-1.00,-1.00,-1.00,-1.00,-1.00,-1.00,-290.71,
1038000,9.00, 168.40,24.53, 10199.10, 16.90, 1063.15,452, 7,22,4,27,8,15,26,0,0,0,0,00796, 00794,-1.00,-1.00,-1.00,-1.00,-1.00,-1.00,-290.71,
1040000,8.00, 162.00,24.54, 10199.10, 16.90, 1060.61,456, 8,22,4,27,8,15,28,0,0,0,0,00807, 00770,-1.00,-1.00,-1.00,-1.00,-1.00,-1.00,-290.71,
1042000,7.60, 157.80,24.54, 10199.10, 16.90, 1060.61,456, 8,22,4,27,8,15,30,0,0,0,0,00811, 00850,-1.00,-1.00,-1.00,-1.00,-1.00,-1.00,-293.93,
1044000,7.60, 162.90,24.54, 10199.10, 16.90, 1058.92,456, 8,22,4,27,8,15,32,0,0,0,0,00807, 00737,-1.00,-1.00,-1.00,-1.00,-1.00,-1.00,-293.93,
1046000,6.60, 141.70,24.54, 10199.10, 16.91, 1062.30,456, 8,22,4,27,8,15,34,0,0,0,0,00806, 00831,-1.00,-1.00,-1.00,-1.00,-1.00,-1.00,-291.51,
1048000,6.50, 136.80,24.54, 10198.90, 16.90, 1062.30,456, 8,22,4,27,8,15,36,0,0,0,0,00814, 00888,-1.00,-1.00,-1.00,-1.00,-1.00,-1.00,-292.32,
1050000,7.60, 152.40,24.55, 10198.90, 16.90, 1060.61,456, 8,22,4,27,8,15,38,0,0,0,0,00808, 00812,-1.00,-1.00,-1.00,-1.00,-1.00,-1.00,-293.12,
1052000,10.10, 194.50,24.55, 10198.90, 16.91, 1063.15,456, 8,22,4,27,8,15,40,0,0,0,0,00806, 00770,-1.00,-1.00,-1.00,-1.00,-1.00,-1.00,-289.90,
1054000,12.10, 228.10,24.55, 10198.90, 16.90, 1060.61,456, 8,22,4,27,8,15,42,0,0,0,0,00805, 00812,-1.00,-1.00,-1.00,-1.00,-1.00,-1.00,-290.71,
1056000,14.00, 255.40,24.56, 10199.10, 16.92, 1063.15,456, 8,22,4,27,8,15,44,0,0,0,0,00812, 00851,-1.00,-1.00,-1.00,-1.00,-1.00,-1.00,-291.51,
1058000,14.70, 271.60,24.56, 10198.90, 16.91, 1063.15,456, 8,22,4,27,8,15,46,0,0,0,0,00801, 00737,-1.00,-1.00,-1.00,-1.00,-1.00,-1.00,-293.93,
1060000,15.10, 273.00,24.56, 10198.90, 16.92, 1063.15,456, 8,22,4,27,8,15,48,0,0,0,0,00803, 00781,-1.00,-1.00,-1.00,-1.00,-1.00,-1.00,-292.32,
1062000,15.30, 278.50,24.56, 10198.90, 16.91, 1062.30,456, 8,22,4,27,8,15,50,0,0,0,0,00807, 00803,-1.00,-1.00,-1.00,-1.00,-1.00,-1.00,-291.51,
1064000,15.20, 275.70,24.57, 10199.10, 16.93, 1062.30,456, 8,22,4,27,8,15,52,0,0,0,0,00805, 00897,-1.00,-1.00,-1.00,-1.00,-1.00,-1.00,-291.51,
1066000,15.00, 270.20,24.57, 10199.10, 16.93, 1059.76,456, 8,22,4,27,8,15,54,0,0,0,0,00807, 00903,-1.00,-1.00,-1.00,-1.00,-1.00,-1.00,-293.12,
1068000,14.60, 260.50,24.57, 10199.10, 16.93, 1059.76,462, 9,22,4,27,8,15,56,0,0,0,0,00794, 00702,-1.00,-1.00,-1.00,-1.00,-1.00,-1.00,-291.51,
1070000,14.20, 248.50,24.57, 10199.10, 16.93, 1061.45,456, 8,22,4,27,8,15,58,0,0,0,0,00806, 00850,-1.00,-1.00,-1.00,-1.00,-1.00,-1.00,-293.12,
1072000,13.50, 235.40,24.57, 10199.10, 16.93, 1060.61,456, 8,22,4,27,8,16,0,0,0,0,0,00807, 00789,-1.00,-1.00,-1.00,-1.00,-1.00,-1.00,-291.51,
1074000,13.20, 227.50,24.58, 10199.50, 16.93, 1062.30,456, 8,22,4,27,8,16,2,0,0,0,0,00800, 00821,-1.00,-1.00,-1.00,-1.00,-1.00,-1.00,-288.29,
1076000,13.20, 223.20,24.58, 10199.50, 16.92, 1064.00,452, 7,22,4,27,8,16,4,0,0,0,0,00798, 00778,-1.00,-1.00,-1.00,-1.00,-1.00,-1.00,-291.51,
1078000,12.90, 215.90,24.58, 10199.30, 16.91, 1064.00,452, 7,22,4,27,8,16,6,0,0,0,0,00788, 00799,-1.00,-1.00,-1.00,-1.00,-1.00,-1.00,-291.51,
1080000,11.20, 184.40,24.58, 10199.50, 16.91, 1064.00,452, 7,22,4,27,8,16,8,0,0,0,0,00788, 00766,-1.00,-1.00,-1.00,-1.00,-1.00,-1.00,-294.73,
1082000,8.30, 134.40,24.59, 10199.50, 16.91, 1059.76,452, 7,22,4,27,8,16,10,0,0,0,0,00794, 00803,-1.00,-1.00,-1.00,-1.00,-1.00,-1.00,-291.51,
1084000,6.20, 98.10,24.59, 10199.30, 16.91, 1061.45,452, 7,22,4,27,8,16,12,0,0,0,0,00803, 00847,-1.00,-1.00,-1.00,-1.00,-1.00,-1.00,-290.71,
1086000,3.90, 63.40,24.59, 10199.30, 16.90, 1063.15,452, 7,22,4,27,8,16,14,0,0,0,0,00811, 00856,-1.00,-1.00,-1.00,-1.00,-1.00,-1.00,-293.12,
1088000,3.00, 45.70,24.59, 10199.30, 16.89, 1063.15,447, 7,22,4,27,8,16,16,0,0,0,0,00805, 00757,-1.00,-1.00,-1.00,-1.00,-1.00,-1.00,-289.90,
1090000,2.60, 43.00,24.59, 10199.50, 16.89, 1064.85,452, 7,22,4,27,8,16,18,0,0,0,0,00813, 00875,-1.00,-1.00,-1.00,-1.00,-1.00,-1.00,-289.90,
1092000,2.20, 33.80,24.59, 10199.50, 16.88, 1062.30,452, 7,22,4,27,8,16,20,0,0,0,0,00808, 00788,-1.00,-1.00,-1.00,-1.00,-1.00,-1.00,-291.51,
1094000,2.10, 33.00,24.60, 10199.50, 16.88, 1059.76,447, 7,22,4,27,8,16,22,0,0,0,0,00812, 00820,-1.00,-1.00,-1.00,-1.00,-1.00,-1.00,-292.32,
1096000,2.10, 31.00,24.60, 10199.30, 16.87, 1064.85,447, 7,22,4,27,8,16,24,0,0,0,0,00811, 00771,-1.00,-1.00,-1.00,-1.00,-1.00,-1.00,-289.90,
1098000,2.10, 37.90,24.60, 10199.30, 16.86, 1064.00,447, 7,22,4,27,8,16,26,0,0,0,0,00815, 00812,-1.00,-1.00,-1.00,-1.00,-1.00,-1.00,-290.71,
1100000,2.10, 38.20,24.60, 10199.30, 16.85, 1062.30,447, 7,22,4,27,8,16,28,0,0,0,0,00814, 00756,-1.00,-1.00,-1.00,-1.00,-1.00,-1.00,-292.32,
1102000,2.00, 36.70,24.61, 10199.30, 16.84, 1064.00,447, 7,22,4,27,8,16,30,0,0,0,0,00796, 00676,-1.00,-1.00,-1.00,-1.00,-1.00,-1.00,-291.51,
1104000,1.90, 35.60,24.61, 10199.30, 16.83, 1065.70,452, 7,22,4,27,8,16,32,0,0,0,0,00791, 00789,-1.00,-1.00,-1.00,-1.00,-1.00,-1.00,-289.09,
1106000,1.70, 34.20,24.61, 10199.30, 16.83, 1065.70,447, 7,22,4,27,8,16,34,0,0,0,0,00784, 00686,-1.00,-1.00,-1.00,-1.00,-1.00,-1.00,-291.51,
1108000,1.70, 33.40,24.61, 10199.10, 16.82, 1067.42,447, 7,22,4,27,8,16,36,0,0,0,0,00789, 00822,-1.00,-1.00,-1.00,-1.00,-1.00,-1.00,-293.12,
1110000,1.60, 32.10,24.61, 10199.10, 16.82, 1065.70,444, 6,22,4,27,8,16,38,0,0,0,0,00784, 00750,-1.00,-1.00,-1.00,-1.00,-1.00,-1.00,-289.90,
1112000,1.60, 31.40,24.61, 10199.10, 16.81, 1064.00,444, 6,22,4,27,8,16,40,0,0,0,0,00783, 00813,-1.00,-1.00,-1.00,-1.00,-1.00,-1.00,-292.32,
1114000,1.40, 29.50,24.61, 10199.30, 16.81, 1066.56,444, 6,22,4,27,8,16,42,0,0,0,0,00788, 00812,-1.00,-1.00,-1.00,-1.00,-1.00,-1.00,-291.51,
1116000,1.30, 29.50,24.62, 10199.30, 16.78, 1063.15,447, 7,22,4,27,8,16,44,0,0,0,0,00782, 00762,-1.00,-1.00,-1.00,-1.00,-1.00,-1.00,-290.71,
1118000,1.20, 26.20,24.62, 10199.30, 16.79, 1067.42,447, 7,22,4,27,8,16,46,0,0,0,0,00787, 00803,-1.00,-1.00,-1.00,-1.00,-1.00,-1.00,-292.32,
1120000,1.00, 23.10,24.62, 10199.30, 16.77, 1065.70,447, 7,22,4,27,8,16,48,0,0,0,0,00788, 00795,-1.00,-1.00,-1.00,-1.00,-1.00,-1.00,-293.93,
1122000,0.90, 21.90,24.62, 10199.30, 16.77, 1068.27,447, 7,22,4,27,8,16,50,0,0,0,0,00778, 00775,-1.00,-1.00,-1.00,-1.00,-1.00,-1.00,-293.93,
1124000,0.90, 21.20,24.63, 10199.30, 16.77, 1066.56,444, 6,22,4,27,8,16,52,0,0,0,0,00765, 00619,-1.00,-1.00,-1.00,-1.00,-1.00,-1.00,-290.71,
1126000,0.80, 19.10,24.63, 10199.30, 16.76, 1066.56,444, 6,22,4,27,8,16,54,0,0,0,0,00776, 00812,-1.00,-1.00,-1.00,-1.00,-1.00,-1.00,-289.09,
1128000,0.70, 9.90,24.63, 10199.50, 16.77, 1069.13,447, 7,22,4,27,8,16,56,0,0,0,0,00780, 00802,-1.00,-1.00,-1.00,-1.00,-1.00,-1.00,-289.90,
1130000,0.70, 9.50,24.63, 10199.30, 16.75, 1066.56,447, 7,22,4,27,8,16,58,0,0,0,0,00789, 00781,-1.00,-1.00,-1.00,-1.00,-1.00,-1.00,-293.12,
1132000,0.80, 10.40,24.63, 10199.30, 16.75, 1068.27,444, 6,22,4,27,8,17,0,0,0,0,0,00790, 00780,-1.00,-1.00,-1.00,-1.00,-1.00,-1.00,-291.51,
1134000,0.80, 10.10,24.64, 10199.30, 16.75, 1068.27,444, 6,22,4,27,8,17,2,0,0,0,0,00791, 00772,-1.00,-1.00,-1.00,-1.00,-1.00,-1.00,-293.93,
1136000,0.80, 14.50,24.64, 10199.30, 16.75, 1067.42,444, 6,22,4,27,8,17,4,0,0,0,0,00789, 00758,-1.00,-1.00,-1.00,-1.00,-1.00,-1.00,-291.51,
1138000,0.80, 14.00,24.64, 10199.30, 16.74, 1069.13,444, 6,22,4,27,8,17,6,0,0,0,0,00785, 00737,-1.00,-1.00,-1.00,-1.00,-1.00,-1.00,-292.32,
1140000,1.20, 15.10,24.64, 10199.30, 16.73, 1070.85,447, 7,22,4,27,8,17,8,0,0,0,0,00781, 00737,-1.00,-1.00,-1.00,-1.00,-1.00,-1.00,-292.32,
1142000,1.40, 16.60,24.64, 10199.10, 16.74, 1069.13,444, 6,22,4,27,8,17,10,0,0,0,0,00776, 00732,-1.00,-1.00,-1.00,-1.00,-1.00,-1.00,-287.48,
1144000,1.60, 18.80,24.65, 10199.10, 16.73, 1069.99,447, 7,22,4,27,8,17,12,0,0,0,0,00788, 00818,-1.00,-1.00,-1.00,-1.00,-1.00,-1.00,-289.09,
1146000,1.80, 20.70,24.65, 10199.10, 16.74, 1070.85,447, 7,22,4,27,8,17,14,0,0,0,0,00790, 00796,-1.00,-1.00,-1.00,-1.00,-1.00,-1.00,-292.32,
1148000,2.20, 23.40,24.65, 10199.30, 16.74, 1066.56,444, 6,22,4,27,8,17,16,0,0,0,0,00789, 00791,-1.00,-1.00,-1.00,-1.00,-1.00,-1.00,-289.09,
1150000,3.10, 31.70,24.65, 10199.10, 16.75, 1069.99,447, 7,22,4,27,8,17,18,0,0,0,0,00791, 00785,-1.00,-1.00,-1.00,-1.00,-1.00,-1.00,-292.32,
