#;NO2;nox; SDS011_pm10; SDS011_pm25; BME680_temperature;blåst; BME680_humidity;GPS_year;GPS_month;GPS_day;GPS_hour;GPS_minute;GPS_seconds;CCS811_C02; CCS811_TVOC;CozIr_Co2; CozIr_Co2_filtered;SN1_WE_u; SN1_AE_u; SN2_WE_u; SN2_AE_u; O3;processor_millis;;;;;;22;3;25;9;0;0
2022-03-25 09:00;43.6727;52.6285;62.5876;50.5558;8.97;2.395;76.35;22;3;25;9;0;0;-1;-1;-1;-1;-1;-1;-1;-1;-1;0;;;;;;22;3;25;10;0;0
2022-03-25 10:00;45.833;61.9509;58.7219;46.6132;10.72;3.64;64.4301;22;3;25;10;0;0;-1;-1;-1;-1;-1;-1;-1;-1;-1;3600000;;;;;;22;3;25;11;0;0
2022-03-25 11:00;23.8582;26.6451;55.1749;39.8524;10.57;2.429;66.01;22;3;25;11;0;0;-1;-1;-1;-1;-1;-1;-1;-1;-1;7200000;;;;;;22;3;25;12;0;0
2022-03-25 12:00;23.7235;26.5789;43.6285;26.4886;11.21;2.596;64.23;22;3;25;12;0;0;-1;-1;-1;-1;-1;-1;-1;-1;-1;10800000;;;;;;22;3;25;13;0;0
2022-03-25 13:00;11.8033;12.8193;34.9062;17.4518;12.19;3.41;58.38;22;3;25;13;0;0;-1;-1;-1;-1;-1;-1;-1;-1;-1;14400000;;;;;;22;3;25;14;0;0
2022-03-25 14:00;8.82433;9.11482;33.916;16.8997;11.59;6.187;60.5;22;3;25;14;0;0;-1;-1;-1;-1;-1;-1;-1;-1;-1;18000000;;;;;;22;3;25;15;0;0
2022-03-25 15:00;6.23425;5.93983;27.4117;10.8065;11.98;4.177;59.37;22;3;25;15;0;0;-1;-1;-1;-1;-1;-1;-1;-1;-1;21600000;;;;;;22;3;25;16;0;0
2022-03-25 16:00;8.53792;8.50864;26.8452;10.6385;10.99;5.575;65.0601;22;3;25;16;0;0;-1;-1;-1;-1;-1;-1;-1;-1;-1;25200000;;;;;;22;3;25;17;0;0
2022-03-25 17:00;8.58473;7.87186;21.25;5.1232;9.64;2.611;73.4401;22;3;25;17;0;0;-1;-1;-1;-1;-1;-1;-1;-1;-1;28800000;;;;;;22;3;25;18;0;0
2022-03-25 18:00;13.4688;12.3386;25.1645;11.596;8.75;5.553;80.8;22;3;25;18;0;0;-1;-1;-1;-1;-1;-1;-1;-1;-1;32400000;;;;;;22;3;25;19;0;0
2022-03-25 19:00;11.0548;9.65685;23.703;11.274;9.36;5.115;75.21;22;3;25;19;0;0;-1;-1;-1;-1;-1;-1;-1;-1;-1;36000000;;;;;;22;3;25;20;0;0
2022-03-25 20:00;12.7132;11.3153;24.5225;11.9952;8.78;5.018;77.22;22;3;25;20;0;0;-1;-1;-1;-1;-1;-1;-1;-1;-1;39600000;;;;;;22;3;25;21;0;0
2022-03-25 21:00;7.77773;6.42164;20.1155;8.20345;8.97;5.208;75.62;22;3;25;21;0;0;-1;-1;-1;-1;-1;-1;-1;-1;-1;43200000;;;;;;22;3;25;22;0;0
2022-03-25 22:00;7.2541;5.93623;19.1068;6.54672;8.71001;5.195;78.74;22;3;25;22;0;0;-1;-1;-1;-1;-1;-1;-1;-1;-1;46800000;;;;;;22;3;25;23;0;0
2022-03-25 23:00;7.24666;6.01505;12.8112;2.64147;8.48;3.697;82.9;22;3;25;23;0;0;-1;-1;-1;-1;-1;-1;-1;-1;-1;50400000;;;;;;22;3;26;0;0;0
2022-03-26 00:00;7.48639;6.0089;13.7903;5.32653;8.2;3.302;85.5;22;3;26;0;0;0;-1;-1;-1;-1;-1;-1;-1;-1;-1;54000000;;;;;;22;3;26;1;0;0
2022-03-26 01:00;8.42351;7.08099;13.8372;5.60053;7.745;2.097;86.6;22;3;26;1;0;0;-1;-1;-1;-1;-1;-1;-1;-1;-1;57600000;;;;;;22;3;26;2;0;0
2022-03-26 02:00;9.24208;8.069;9.86838;4.12885;7.279;3.118;89.1;22;3;26;2;0;0;-1;-1;-1;-1;-1;-1;-1;-1;-1;61200000;;;;;;22;3;26;3;0;0
2022-03-26 03:00;9.44164;8.04607;14.8223;7.90892;6.99;1.862;90.9;22;3;26;3;0;0;-1;-1;-1;-1;-1;-1;-1;-1;-1;64800000;;;;;;22;3;26;4;0;0
2022-03-26 04:00;8.15451;6.89669;13.9162;4.22523;6.92;0.689;90.1;22;3;26;4;0;0;-1;-1;-1;-1;-1;-1;-1;-1;-1;68400000;;;;;;22;3;26;5;0;0
2022-03-26 05:00;5.17201;3.93708;10.5317;0.7154;6.241;1.291;92.5;22;3;26;5;0;0;-1;-1;-1;-1;-1;-1;-1;-1;-1;72000000;;;;;;22;3;26;6;0;0
2022-03-26 06:00;9.86418;8.54266;10.2017;0.33;5.678;1.062;94.4;22;3;26;6;0;0;-1;-1;-1;-1;-1;-1;-1;-1;-1;75600000;;;;;;22;3;26;7;0;0
2022-03-26 07:00;23.7787;23.5062;16.6678;4.92807;6.805;4.657;50.33;22;3;26;7;0;0;-1;-1;-1;-1;-1;-1;-1;-1;-1;79200000;;;;;;22;3;26;8;0;0
2022-03-26 08:00;21.6964;23.8067;17.1165;4.42475;7.965;4.138;34.27;22;3;26;8;0;0;-1;-1;-1;-1;-1;-1;-1;-1;-1;82800000;;;;;;22;3;26;9;0;0
2022-03-26 09:00;4.9375;4.33081;16.389;4.42265;8.78999;5.31;33.6;22;3;26;9;0;0;-1;-1;-1;-1;-1;-1;-1;-1;-1;86400000;;;;;;22;3;26;10;0;0
2022-03-26 10:00;2.93788;2.16888;14.4407;-0.52305;9.62;5.053;29.28;22;3;26;10;0;0;-1;-1;-1;-1;-1;-1;-1;-1;-1;90000000;;;;;;22;3;26;11;0;0
2022-03-26 11:00;3.68689;3.34673;10.252;-0.680449;10.61;3.391;28.5;22;3;26;11;0;0;-1;-1;-1;-1;-1;-1;-1;-1;-1;93600000;;;;;;22;3;26;12;0;0
2022-03-26 12:00;4.31921;4.31464;8.16258;0.524834;11.32;2.515;26.97;22;3;26;12;0;0;-1;-1;-1;-1;-1;-1;-1;-1;-1;97200000;;;;;;22;3;26;13;0;0
2022-03-26 13:00;4.56781;4.30247;8.54053;1.31722;12.2;2.842;30.42;22;3;26;13;0;0;-1;-1;-1;-1;-1;-1;-1;-1;-1;100800000;;;;;;22;3;26;14;0;0
2022-03-26 14:00;6.20296;6.33801;8.11433;2.05338;10.67;4.643;33.46;22;3;26;14;0;0;-1;-1;-1;-1;-1;-1;-1;-1;-1;104400000;;;;;;22;3;26;15;0;0
2022-03-26 15:00;6.37786;6.43092;16.2628;9.57086;11.74;2.156;31.25;22;3;26;15;0;0;-1;-1;-1;-1;-1;-1;-1;-1;-1;108000000;;;;;;22;3;26;16;0;0
2022-03-26 16:00;7.54952;7.68695;15.7563;8.38797;10.94;3.456;29.31;22;3;26;16;0;0;-1;-1;-1;-1;-1;-1;-1;-1;-1;111600000;;;;;;22;3;26;17;0;0
2022-03-26 17:00;4.69593;4.16259;11.458;3.49675;10.59;3.803;29.07;22;3;26;17;0;0;-1;-1;-1;-1;-1;-1;-1;-1;-1;115200000;;;;;;22;3;26;18;0;0
2022-03-26 18:00;5.86559;5.0856;8.89606;1.7201;9.67;2.946;32.01;22;3;26;18;0;0;-1;-1;-1;-1;-1;-1;-1;-1;-1;118800000;;;;;;22;3;26;19;0;0
2022-03-26 19:00;7.53918;6.64999;9.16083;0.8017;8.45;2.467;34.51;22;3;26;19;0;0;-1;-1;-1;-1;-1;-1;-1;-1;-1;122400000;;;;;;22;3;26;20;0;0
2022-03-26 20:00;10.0421;9.20038;9.74794;1.60873;7.592;1.964;36.7;22;3;26;20;0;0;-1;-1;-1;-1;-1;-1;-1;-1;-1;126000000;;;;;;22;3;26;21;0;0
2022-03-26 21:00;8.66084;7.49818;11.4178;1.98155;6.446;1.431;40.68;22;3;26;21;0;0;-1;-1;-1;-1;-1;-1;-1;-1;-1;129600000;;;;;;22;3;26;22;0;0
2022-03-26 22:00;16.0081;15.0901;14.7058;4.67542;4.328;0.728;52.57;22;3;26;22;0;0;-1;-1;-1;-1;-1;-1;-1;-1;-1;133200000;;;;;;22;3;26;23;0;0
2022-03-26 23:00;36.3173;35.2462;33.8725;5.12814;3.673;0.844;54.82;22;3;26;23;0;0;-1;-1;-1;-1;-1;-1;-1;-1;-1;136800000;;;;;;22;3;27;0;0;0
2022-03-27 00:00;34.5337;33.7051;31.1867;4.47379;5.05;0.768;46.75;22;3;27;0;0;0;-1;-1;-1;-1;-1;-1;-1;-1;-1;140400000;;;;;;22;3;27;1;0;0
2022-03-27 01:00;22.9777;21.9309;27.539;2.24677;4.218;1.535;48.97;22;3;27;1;0;0;-1;-1;-1;-1;-1;-1;-1;-1;-1;144000000;;;;;;22;3;27;2;0;0
2022-03-27 02:00;19.7845;18.3668;21.5372;2.16228;4.122;1.196;47.15;22;3;27;2;0;0;-1;-1;-1;-1;-1;-1;-1;-1;-1;147600000;;;;;;22;3;27;3;0;0
2022-03-27 03:00;8.72093;7.44511;14.7252;3.81274;3.604;0.974;48.32;22;3;27;3;0;0;-1;-1;-1;-1;-1;-1;-1;-1;-1;151200000;;;;;;22;3;27;4;0;0
2022-03-27 04:00;9.97662;8.68483;10.9602;2.53237;4.541;2.335;52.8;22;3;27;4;0;0;-1;-1;-1;-1;-1;-1;-1;-1;-1;154800000;;;;;;22;3;27;5;0;0
2022-03-27 05:00;7.04472;5.6545;9.27446;0.798;4.526;3.311;63.28;22;3;27;5;0;0;-1;-1;-1;-1;-1;-1;-1;-1;-1;158400000;;;;;;22;3;27;6;0;0
2022-03-27 06:00;10.4504;9.1777;7.74433;0.949517;5.181;3.177;63.38;22;3;27;6;0;0;-1;-1;-1;-1;-1;-1;-1;-1;-1;162000000;;;;;;22;3;27;7;0;0
2022-03-27 07:00;10.3339;9.09818;7.65981;1.92572;6.356;4.32;62.84;22;3;27;7;0;0;-1;-1;-1;-1;-1;-1;-1;-1;-1;165600000;;;;;;22;3;27;8;0;0
2022-03-27 08:00;8.61008;7.86356;6.34967;0.683167;7.192;3.686;66.29;22;3;27;8;0;0;-1;-1;-1;-1;-1;-1;-1;-1;-1;169200000;;;;;;22;3;27;9;0;0
2022-03-27 09:00;6.31183;5.7122;10.3013;4.4138;7.793;3.018;69.65;22;3;27;9;0;0;-1;-1;-1;-1;-1;-1;-1;-1;-1;172800000;;;;;;22;3;27;10;0;0
2022-03-27 10:00;7.20741;7.31066;14.778;6.79165;8.44;2.749;69.91;22;3;27;10;0;0;-1;-1;-1;-1;-1;-1;-1;-1;-1;176400000;;;;;;22;3;27;11;0;0
2022-03-27 11:00;11.3352;13.9148;18.8948;8.37553;10.72;3.176;60.98;22;3;27;11;0;0;-1;-1;-1;-1;-1;-1;-1;-1;-1;180000000;;;;;;22;3;27;12;0;0
2022-03-27 12:00;13.871;17.4308;21.6365;10.5592;11.16;2.62;55.68;22;3;27;12;0;0;-1;-1;-1;-1;-1;-1;-1;-1;-1;183600000;;;;;;22;3;27;13;0;0
2022-03-27 13:00;9.51765;10.2769;21.5148;10.5118;10.36;3.52;54.6;22;3;27;13;0;0;-1;-1;-1;-1;-1;-1;-1;-1;-1;187200000;;;;;;22;3;27;14;0;0
2022-03-27 14:00;5.63088;5.10059;12.8773;4.72867;10.62;2.9;53.03;22;3;27;14;0;0;-1;-1;-1;-1;-1;-1;-1;-1;-1;190800000;;;;;;22;3;27;15;0;0
2022-03-27 15:00;4.39984;3.66422;9.3793;3.91518;11;2.355;56.22;22;3;27;15;0;0;-1;-1;-1;-1;-1;-1;-1;-1;-1;194400000;;;;;;22;3;27;16;0;0
2022-03-27 16:00;14.1469;15.5519;10.1024;5.02164;9.50999;3.522;60.96;22;3;27;16;0;0;-1;-1;-1;-1;-1;-1;-1;-1;-1;198000000;;;;;;22;3;27;17;0;0
2022-03-27 17:00;18.9806;23.036;15.0133;7.51565;9.25999;3.399;61.14;22;3;27;17;0;0;-1;-1;-1;-1;-1;-1;-1;-1;-1;201600000;;;;;;22;3;27;18;0;0
2022-03-27 18:00;21.3343;22.3875;12.067;5.8614;7.744;2.735;73.71;22;3;27;18;0;0;-1;-1;-1;-1;-1;-1;-1;-1;-1;205200000;;;;;;22;3;27;19;0;0
2022-03-27 19:00;27.9858;26.7474;10.1787;3.21357;7.75;3.584;69.86;22;3;27;19;0;0;-1;-1;-1;-1;-1;-1;-1;-1;-1;208800000;;;;;;22;3;27;20;0;0
2022-03-27 20:00;23.235;21.4551;10.581;3.53995;7.296;2.172;72.42;22;3;27;20;0;0;-1;-1;-1;-1;-1;-1;-1;-1;-1;212400000;;;;;;22;3;27;21;0;0
2022-03-27 21:00;16.3033;14.8554;3.60768;-2.2466;7.772;4.908;73.8;22;3;27;21;0;0;-1;-1;-1;-1;-1;-1;-1;-1;-1;216000000;;;;;;22;3;27;22;0;0
2022-03-27 22:00;11.2106;10.0232;7.59565;0.7781;6.977;3.633;84.8;22;3;27;22;0;0;-1;-1;-1;-1;-1;-1;-1;-1;-1;219600000;;;;;;22;3;27;23;0;0
2022-03-27 23:00;23.4827;22.2383;13.1568;5.47908;6.728;3.706;86.9;22;3;27;23;0;0;-1;-1;-1;-1;-1;-1;-1;-1;-1;223200000;;;;;;22;3;28;0;0;0
2022-03-28 00:00;25.0754;23.4026;18.2722;8.86604;6.761;3.194;83.6;22;3;28;0;0;0;-1;-1;-1;-1;-1;-1;-1;-1;-1;226800000;;;;;;22;3;28;1;0;0
2022-03-28 01:00;16.226;14.6701;11.6165;2.8531;6.188;3.3;89.4;22;3;28;1;0;0;-1;-1;-1;-1;-1;-1;-1;-1;-1;230400000;;;;;;22;3;28;2;0;0
2022-03-28 02:00;33.9017;38.2703;12.1937;4.87444;6.478;2.593;83.2;22;3;28;2;0;0;-1;-1;-1;-1;-1;-1;-1;-1;-1;234000000;;;;;;22;3;28;3;0;0
2022-03-28 03:00;18.7936;17.0515;10.534;3.11279;6.346;2.675;82.9;22;3;28;3;0;0;-1;-1;-1;-1;-1;-1;-1;-1;-1;237600000;;;;;;22;3;28;4;0;0
2022-03-28 04:00;8.36594;7.01842;7.10236;-0.200583;6.649;4.791;80.4;22;3;28;4;0;0;-1;-1;-1;-1;-1;-1;-1;-1;-1;241200000;;;;;;22;3;28;5;0;0
2022-03-28 05:00;5.62421;4.41481;17.0722;8.99345;5.879;4.826;89.7;22;3;28;5;0;0;-1;-1;-1;-1;-1;-1;-1;-1;-1;244800000;;;;;;22;3;28;6;0;0
2022-03-28 06:00;8.82188;7.66367;20.7778;8.4052;5.918;4.967;89.5;22;3;28;6;0;0;-1;-1;-1;-1;-1;-1;-1;-1;-1;248400000;;;;;;22;3;28;7;0;0
2022-03-28 07:00;11.9671;10.8707;19.9558;6.39065;6.153;6.803;88.2;22;3;28;7;0;0;-1;-1;-1;-1;-1;-1;-1;-1;-1;252000000;;;;;;22;3;28;8;0;0
2022-03-28 08:00;14.5238;14.3596;25.4958;10.5665;6.506;6.13;87.5;22;3;28;8;0;0;-1;-1;-1;-1;-1;-1;-1;-1;-1;255600000;;;;;;22;3;28;9;0;0
2022-03-28 09:00;15.5956;15.7189;37.88;14.2888;6.955;6.134;84.5;22;3;28;9;0;0;-1;-1;-1;-1;-1;-1;-1;-1;-1;259200000;;;;;;22;3;28;10;0;0
2022-03-28 10:00;14.7376;15.2633;41.8367;15.9705;7.154;6.806;81.4;22;3;28;10;0;0;-1;-1;-1;-1;-1;-1;-1;-1;-1;262800000;;;;;;22;3;28;11;0;0
2022-03-28 11:00;14.969;15.7517;46.2322;18.2843;8.7;5.787;72.1901;22;3;28;11;0;0;-1;-1;-1;-1;-1;-1;-1;-1;-1;266400000;;;;;;22;3;28;12;0;0
2022-03-28 12:00;13.849;14.7812;53.973;18.1282;9.64;6.143;69.09;22;3;28;12;0;0;-1;-1;-1;-1;-1;-1;-1;-1;-1;270000000;;;;;;22;3;28;13;0;0
2022-03-28 13:00;10.431;10.8777;65.2965;19.347;10.58;6.123;64.55;22;3;28;13;0;0;-1;-1;-1;-1;-1;-1;-1;-1;-1;273600000;;;;;;22;3;28;14;0;0
2022-03-28 14:00;9.80241;10.0863;59.9103;17.3363;9.36;7.04;72.73;22;3;28;14;0;0;-1;-1;-1;-1;-1;-1;-1;-1;-1;277200000;;;;;;22;3;28;15;0;0
2022-03-28 15:00;6.93527;6.42373;53.3633;19.4553;9.12;6.732;64.53;22;3;28;15;0;0;-1;-1;-1;-1;-1;-1;-1;-1;-1;280800000;;;;;;22;3;28;16;0;0
2022-03-28 16:00;5.76603;5.06008;46.4685;19.9403;8.49001;4.335;62.31;22;3;28;16;0;0;-1;-1;-1;-1;-1;-1;-1;-1;-1;284400000;;;;;;22;3;28;17;0;0
2022-03-28 17:00;7.40366;6.54141;39.1058;17.6208;9.13;4.57;33.75;22;3;28;17;0;0;-1;-1;-1;-1;-1;-1;-1;-1;-1;288000000;;;;;;22;3;28;18;0;0
2022-03-28 18:00;11.6294;11.4429;28.6572;10.0273;8.21001;2.631;39.4;22;3;28;18;0;0;-1;-1;-1;-1;-1;-1;-1;-1;-1;291600000;;;;;;22;3;28;19;0;0
2022-03-28 19:00;9.75977;9.2662;15.4757;3.11508;7.404;3.286;43.66;22;3;28;19;0;0;-1;-1;-1;-1;-1;-1;-1;-1;-1;295200000;;;;;;22;3;28;20;0;0
2022-03-28 20:00;12.7489;12.0641;11.4075;3.74017;6.854;2.473;47.95;22;3;28;20;0;0;-1;-1;-1;-1;-1;-1;-1;-1;-1;298800000;;;;;;22;3;28;21;0;0
2022-03-28 21:00;11.8134;11.573;9.44116;1.56282;6.126;1.538;52.09;22;3;28;21;0;0;-1;-1;-1;-1;-1;-1;-1;-1;-1;302400000;;;;;;22;3;28;22;0;0
2022-03-28 22:00;12.9095;12.5314;10.3762;1.21553;5.708;1.636;55.39;22;3;28;22;0;0;-1;-1;-1;-1;-1;-1;-1;-1;-1;306000000;;;;;;22;3;28;23;0;0
2022-03-28 23:00;23.0472;23.6419;13.1018;2.20028;4.999;1.961;55.01;22;3;28;23;0;0;-1;-1;-1;-1;-1;-1;-1;-1;-1;309600000;;;;;;22;3;29;0;0;0
2022-03-29 00:00;14.8323;14.4012;11.6013;1.37963;4.389;1.18;50.68;22;3;29;0;0;0;-1;-1;-1;-1;-1;-1;-1;-1;-1;313200000;;;;;;22;3;29;1;0;0
2022-03-29 01:00;12.0455;10.915;7.67735;0.982;3.422;1.45;54.41;22;3;29;1;0;0;-1;-1;-1;-1;-1;-1;-1;-1;-1;316800000;;;;;;22;3;29;2;0;0
2022-03-29 02:00;31.6425;30.015;15.3263;1.32355;2.498;1.18;61.3;22;3;29;2;0;0;-1;-1;-1;-1;-1;-1;-1;-1;-1;320400000;;;;;;22;3;29;3;0;0
2022-03-29 03:00;37.3756;35.8628;21.6262;2.45903;1.287;1.067;61.76;22;3;29;3;0;0;-1;-1;-1;-1;-1;-1;-1;-1;-1;324000000;;;;;;22;3;29;4;0;0
2022-03-29 04:00;27.8585;26.5453;34.967;4.08086;1.15;0.878;65.65;22;3;29;4;0;0;-1;-1;-1;-1;-1;-1;-1;-1;-1;327600000;;;;;;22;3;29;5;0;0
2022-03-29 05:00;46.4892;51.1107;38.2193;5.25365;1.024;1.045;62.36;22;3;29;5;0;0;-1;-1;-1;-1;-1;-1;-1;-1;-1;331200000;;;;;;22;3;29;6;0;0
2022-03-29 06:00;62.5292;96.1112;60.7855;6.9955;1.15;0.859;62.16;22;3;29;6;0;0;-1;-1;-1;-1;-1;-1;-1;-1;-1;334800000;;;;;;22;3;29;7;0;0
2022-03-29 07:00;71.7551;132.103;97.8933;8.93381;2.247;0.853;56.34;22;3;29;7;0;0;-1;-1;-1;-1;-1;-1;-1;-1;-1;338400000;;;;;;22;3;29;8;0;0
2022-03-29 08:00;77.7551;162.868;115.313;10.086;3.192;1.578;49.37;22;3;29;8;0;0;-1;-1;-1;-1;-1;-1;-1;-1;-1;342000000;;;;;;22;3;29;9;0;0
2022-03-29 09:00;62.1657;108.558;125.662;10.8935;4.374;2.262;40.07;22;3;29;9;0;0;-1;-1;-1;-1;-1;-1;-1;-1;-1;345600000;;;;;;22;3;29;10;0;0
2022-03-29 10:00;20.2196;25.9907;76.827;6.6515;5.248;2.165;35.52;22;3;29;10;0;0;-1;-1;-1;-1;-1;-1;-1;-1;-1;349200000;;;;;;22;3;29;11;0;0
2022-03-29 11:00;7.31136;7.8007;16.4242;1.0777;6.046;1.538;32.24;22;3;29;11;0;0;-1;-1;-1;-1;-1;-1;-1;-1;-1;352800000;;;;;;22;3;29;12;0;0
2022-03-29 12:00;6.91383;7.1852;10.3957;0.8471;6.376;2.096;33;22;3;29;12;0;0;-1;-1;-1;-1;-1;-1;-1;-1;-1;356400000;;;;;;22;3;29;13;0;0
2022-03-29 13:00;12.1964;13.1218;11.5465;3.86702;5.864;2.722;35.5;22;3;29;13;0;0;-1;-1;-1;-1;-1;-1;-1;-1;-1;360000000;;;;;;22;3;29;14;0;0
2022-03-29 14:00;16.6245;18.6565;15.285;4.23869;5.191;4.025;39.19;22;3;29;14;0;0;-1;-1;-1;-1;-1;-1;-1;-1;-1;363600000;;;;;;22;3;29;15;0;0
2022-03-29 15:00;13.6666;16.7948;16.2978;0.281416;4.664;6.36;48.33;22;3;29;15;0;0;-1;-1;-1;-1;-1;-1;-1;-1;-1;367200000;;;;;;22;3;29;16;0;0
2022-03-29 16:00;10.0617;11.2363;20.6592;2.0232;3.875;3.574;55.5;22;3;29;16;0;0;-1;-1;-1;-1;-1;-1;-1;-1;-1;370800000;;;;;;22;3;29;17;0;0
2022-03-29 17:00;8.18982;8.98134;35.931;2.07737;1.648;6.642;75.73;22;3;29;17;0;0;-1;-1;-1;-1;-1;-1;-1;-1;-1;374400000;;;;;;22;3;29;18;0;0
2022-03-29 18:00;6.58057;6.27208;18.2555;-0.6025;0.545;3.322;92.2;22;3;29;18;0;0;-1;-1;-1;-1;-1;-1;-1;-1;-1;378000000;;;;;;22;3;29;19;0;0
2022-03-29 19:00;10.5863;9.97989;6.24825;-1.26147;0.445;1.409;85.2;22;3;29;19;0;0;-1;-1;-1;-1;-1;-1;-1;-1;-1;381600000;;;;;;22;3;29;20;0;0
2022-03-29 20:00;9.34103;8.35626;2.10838;0.961617;0.029;1.022;84.3;22;3;29;20;0;0;-1;-1;-1;-1;-1;-1;-1;-1;-1;385200000;;;;;;22;3;29;21;0;0
2022-03-29 21:00;19.3453;18.5728;4.4037;2.33137;-0.551;1.138;86.1;22;3;29;21;0;0;-1;-1;-1;-1;-1;-1;-1;-1;-1;388800000;;;;;;22;3;29;22;0;0
2022-03-29 22:00;24.2388;23.6581;6.59538;3.42197;-1.162;1.956;89.8;22;3;29;22;0;0;-1;-1;-1;-1;-1;-1;-1;-1;-1;392400000;;;;;;22;3;29;23;0;0
2022-03-29 23:00;41.5668;41.6799;12.6627;4.21343;-1.766;1.879;91.2;22;3;29;23;0;0;-1;-1;-1;-1;-1;-1;-1;-1;-1;396000000;;;;;;22;3;30;0;0;0
2022-03-30 00:00;28.5054;27.1519;17.2043;3.23913;-1.955;1.61;84.6;22;3;30;0;0;0;-1;-1;-1;-1;-1;-1;-1;-1;-1;399600000;;;;;;22;3;30;1;0;0
2022-03-30 01:00;20.1498;18.7245;12.2225;1.97377;-2.428;2.17;81.9;22;3;30;1;0;0;-1;-1;-1;-1;-1;-1;-1;-1;-1;403200000;;;;;;22;3;30;2;0;0
2022-03-30 02:00;18.1;16.6846;11.9277;5.73273;-2.825;1.538;80.4;22;3;30;2;0;0;-1;-1;-1;-1;-1;-1;-1;-1;-1;406800000;;;;;;22;3;30;3;0;0
2022-03-30 03:00;12.5374;11.3982;10.901;5.3702;-3.231;2.565;79.45;22;3;30;3;0;0;-1;-1;-1;-1;-1;-1;-1;-1;-1;410400000;;;;;;22;3;30;4;0;0
2022-03-30 04:00;15.1621;13.9034;9.23033;4.96342;-3.364;1.833;80.6;22;3;30;4;0;0;-1;-1;-1;-1;-1;-1;-1;-1;-1;414000000;;;;;;22;3;30;5;0;0
2022-03-30 05:00;25.0611;26.0716;10.7592;5.54379;-3.518;1.681;81.4;22;3;30;5;0;0;-1;-1;-1;-1;-1;-1;-1;-1;-1;417600000;;;;;;22;3;30;6;0;0
2022-03-30 06:00;48.3597;57.4398;15.76;5.36528;-3.619;2.377;82.7;22;3;30;6;0;0;-1;-1;-1;-1;-1;-1;-1;-1;-1;421200000;;;;;;22;3;30;7;0;0
2022-03-30 07:00;56.2789;87.3623;23.5638;4.85226;-2.638;2.534;79.9301;22;3;30;7;0;0;-1;-1;-1;-1;-1;-1;-1;-1;-1;424800000;;;;;;22;3;30;8;0;0
2022-03-30 08:00;45.0563;76.0107;27.3542;4.95272;-0.574;1.935;72.5699;22;3;30;8;0;0;-1;-1;-1;-1;-1;-1;-1;-1;-1;428400000;;;;;;22;3;30;9;0;0
2022-03-30 09:00;27.7996;41.5714;28.6962;4.17298;1.25;3.547;36.53;22;3;30;9;0;0;-1;-1;-1;-1;-1;-1;-1;-1;-1;432000000;;;;;;22;3;30;10;0;0
2022-03-30 10:00;11.6651;14.8246;20.7367;3.9198;2.374;3.614;24.04;22;3;30;10;0;0;-1;-1;-1;-1;-1;-1;-1;-1;-1;435600000;;;;;;22;3;30;11;0;0
2022-03-30 11:00;6.63092;7.89133;13.3222;3.65042;2.969;3.359;19.11;22;3;30;11;0;0;-1;-1;-1;-1;-1;-1;-1;-1;-1;439200000;;;;;;22;3;30;12;0;0
2022-03-30 12:00;6.10356;7.345;6.67635;-0.196217;3.858;1.669;22.47;22;3;30;12;0;0;-1;-1;-1;-1;-1;-1;-1;-1;-1;442800000;;;;;;22;3;30;13;0;0
2022-03-30 13:00;7.49062;9.29008;8.20699;1.08078;3.923;2.28;19.23;22;3;30;13;0;0;-1;-1;-1;-1;-1;-1;-1;-1;-1;446400000;;;;;;22;3;30;14;0;0
2022-03-30 14:00;7.19517;8.71463;9.14742;-0.1786;4.313;3.36;18.25;22;3;30;14;0;0;-1;-1;-1;-1;-1;-1;-1;-1;-1;450000000;;;;;;22;3;30;15;0;0
2022-03-30 15:00;11.7014;15.1096;13.3983;1.25218;4.481;3.049;19.53;22;3;30;15;0;0;-1;-1;-1;-1;-1;-1;-1;-1;-1;453600000;;;;;;22;3;30;16;0;0
2022-03-30 16:00;11.9043;15.1663;11.0758;0.243383;3.712;4.732;28.43;22;3;30;16;0;0;-1;-1;-1;-1;-1;-1;-1;-1;-1;457200000;;;;;;22;3;30;17;0;0
2022-03-30 17:00;7.45827;8.18353;11.7405;2.80065;3.316;4.321;31.4;22;3;30;17;0;0;-1;-1;-1;-1;-1;-1;-1;-1;-1;460800000;;;;;;22;3;30;18;0;0
2022-03-30 18:00;6.95779;6.73008;14.7198;4.33842;2.727;3.225;28.7;22;3;30;18;0;0;-1;-1;-1;-1;-1;-1;-1;-1;-1;464400000;;;;;;22;3;30;19;0;0
2022-03-30 19:00;6.25325;5.39425;10.2939;2.75137;1.88;2.001;31.93;22;3;30;19;0;0;-1;-1;-1;-1;-1;-1;-1;-1;-1;468000000;;;;;;22;3;30;20;0;0
2022-03-30 20:00;11.5604;10.3545;5.8299;0.419716;0.744;0.884;34.96;22;3;30;20;0;0;-1;-1;-1;-1;-1;-1;-1;-1;-1;471600000;;;;;;22;3;30;21;0;0
2022-03-30 21:00;18.5688;17.9548;11.8474;2.40097;0.366;1.072;37.69;22;3;30;21;0;0;-1;-1;-1;-1;-1;-1;-1;-1;-1;475200000;;;;;;22;3;30;22;0;0
2022-03-30 22:00;20.6395;19.6136;10.4412;3.06603;-0.014;0.7;43.39;22;3;30;22;0;0;-1;-1;-1;-1;-1;-1;-1;-1;-1;478800000;;;;;;22;3;30;23;0;0
2022-03-30 23:00;30.161;29.2347;13.3903;4.32685;-1.174;0.552;53.07;22;3;30;23;0;0;-1;-1;-1;-1;-1;-1;-1;-1;-1;482400000;;;;;;22;3;31;0;0;0
2022-03-31 00:00;61.3983;74.1096;41.2411;8.55576;-1.958;0.965;53.62;22;3;31;0;0;0;-1;-1;-1;-1;-1;-1;-1;-1;-1;486000000;;;;;;22;3;31;1;0;0
2022-03-31 01:00;54.4196;61.7945;62.4235;14.0487;-2.473;0.601;56.5;22;3;31;1;0;0;-1;-1;-1;-1;-1;-1;-1;-1;-1;489600000;;;;;;22;3;31;2;0;0
2022-03-31 02:00;50.6559;54.0608;62.4078;18.0852;-3.324;1.242;61.17;22;3;31;2;0;0;-1;-1;-1;-1;-1;-1;-1;-1;-1;493200000;;;;;;22;3;31;3;0;0
2022-03-31 03:00;46.0226;54.2227;54.7877;12.2582;-3.747;1.18;64.36;22;3;31;3;0;0;-1;-1;-1;-1;-1;-1;-1;-1;-1;496800000;;;;;;22;3;31;4;0;0
2022-03-31 04:00;32.9554;33.0344;32.3095;8.20792;-3.683;0.942;63.08;22;3;31;4;0;0;-1;-1;-1;-1;-1;-1;-1;-1;-1;500400000;;;;;;22;3;31;5;0;0
2022-03-31 05:00;50.0162;64.489;25.6425;8.56958;-4.046;1.256;67.11;22;3;31;5;0;0;-1;-1;-1;-1;-1;-1;-1;-1;-1;504000000;;;;;;22;3;31;6;0;0
2022-03-31 06:00;61.1826;132.506;43.0071;7.51257;-3.86;1.348;68.17;22;3;31;6;0;0;-1;-1;-1;-1;-1;-1;-1;-1;-1;507600000;;;;;;22;3;31;7;0;0
2022-03-31 07:00;66.1295;162.028;81.9232;9.35095;-1.341;1.066;60.44;22;3;31;7;0;0;-1;-1;-1;-1;-1;-1;-1;-1;-1;511200000;;;;;;22;3;31;8;0;0
2022-03-31 08:00;64.2411;147.866;90.505;10.5188;0.737;1.416;49.1;22;3;31;8;0;0;-1;-1;-1;-1;-1;-1;-1;-1;-1;514800000;;;;;;22;3;31;9;0;0
2022-03-31 09:00;41.4393;67.6647;83.2303;11.839;3.284;0.883;36.31;22;3;31;9;0;0;-1;-1;-1;-1;-1;-1;-1;-1;-1;518400000;;;;;;22;3;31;10;0;0
2022-03-31 10:00;29.1918;40.5275;39.231;7.584;5.064;1.42;31.62;22;3;31;10;0;0;-1;-1;-1;-1;-1;-1;-1;-1;-1;522000000;;;;;;22;3;31;11;0;0
2022-03-31 11:00;25.5967;34.4138;31.7302;7.01286;4.678;2.267;29.9;22;3;31;11;0;0;-1;-1;-1;-1;-1;-1;-1;-1;-1;525600000;;;;;;22;3;31;12;0;0
2022-03-31 12:00;8.31215;9.12444;20.7247;3.40783;5.342;2.387;27.04;22;3;31;12;0;0;-1;-1;-1;-1;-1;-1;-1;-1;-1;529200000;;;;;;22;3;31;13;0;0
2022-03-31 13:00;6.17376;6.5057;13.7012;1.84725;4.772;3.62;37.27;22;3;31;13;0;0;-1;-1;-1;-1;-1;-1;-1;-1;-1;532800000;;;;;;22;3;31;14;0;0
2022-03-31 14:00;7.03308;7.1077;10.6864;2.43687;4.842;4.483;40.04;22;3;31;14;0;0;-1;-1;-1;-1;-1;-1;-1;-1;-1;536400000;;;;;;22;3;31;15;0;0
2022-03-31 15:00;6.51858;6.08554;10.5305;3.32665;4.759;2.085;40.08;22;3;31;15;0;0;-1;-1;-1;-1;-1;-1;-1;-1;-1;540000000;;;;;;22;3;31;16;0;0
2022-03-31 16:00;8.33629;8.09737;20.4303;10.3983;4.842;1.71;31.29;22;3;31;16;0;0;-1;-1;-1;-1;-1;-1;-1;-1;-1;543600000;;;;;;22;3;31;17;0;0
2022-03-31 17:00;10.7512;11.4266;12.4247;4.89898;4.181;3.319;50.26;22;3;31;17;0;0;-1;-1;-1;-1;-1;-1;-1;-1;-1;547200000;;;;;;22;3;31;18;0;0
2022-03-31 18:00;7.59437;7.17746;11.3073;1.79958;3.197;2.641;49.34;22;3;31;18;0;0;-1;-1;-1;-1;-1;-1;-1;-1;-1;550800000;;;;;;22;3;31;19;0;0
2022-03-31 19:00;13.3694;12.6092;9.55611;0.574634;2.135;1.293;53.22;22;3;31;19;0;0;-1;-1;-1;-1;-1;-1;-1;-1;-1;554400000;;;;;;22;3;31;20;0;0
2022-03-31 20:00;20.0114;18.5405;16.6455;2.52852;1.706;1.806;44.44;22;3;31;20;0;0;-1;-1;-1;-1;-1;-1;-1;-1;-1;558000000;;;;;;22;3;31;21;0;0
2022-03-31 21:00;32.4532;31.3265;17.678;0.651816;0.833;1.654;44.9;22;3;31;21;0;0;-1;-1;-1;-1;-1;-1;-1;-1;-1;561600000;;;;;;22;3;31;22;0;0
2022-03-31 22:00;46.4001;46.8714;27.7337;2.88912;-0.193;1.863;48.37;22;3;31;22;0;0;-1;-1;-1;-1;-1;-1;-1;-1;-1;565200000;;;;;;22;3;31;23;0;0
2022-03-31 23:00;39.9396;41.0154;29.4663;5.36535;-1.07;1.965;53.13;22;3;31;23;0;0;-1;-1;-1;-1;-1;-1;-1;-1;-1;568800000;;;;;;22;4;1;0;0;0
2022-04-01 00:00;29.4113;28.6919;24.2817;4.16559;-1.535;1.587;53.73;22;4;1;0;0;0;-1;-1;-1;-1;-1;-1;-1;-1;-1;572400000;;;;;;22;4;1;1;0;0
2022-04-01 01:00;30.9195;29.4373;21.0492;5.4532;-1.691;1.387;55.38;22;4;1;1;0;0;-1;-1;-1;-1;-1;-1;-1;-1;-1;576000000;;;;;;22;4;1;2;0;0
2022-04-01 02:00;22.6454;21.3007;18.117;4.81969;-2.275;1.896;59.22;22;4;1;2;0;0;-1;-1;-1;-1;-1;-1;-1;-1;-1;579600000;;;;;;22;4;1;3;0;0
2022-04-01 03:00;12.0743;10.7117;14.0232;4.55656;-2.527;1.151;65.25;22;4;1;3;0;0;-1;-1;-1;-1;-1;-1;-1;-1;-1;583200000;;;;;;22;4;1;4;0;0
2022-04-01 04:00;17.4236;16.1942;9.91017;3.43457;-3.317;1.567;70.33;22;4;1;4;0;0;-1;-1;-1;-1;-1;-1;-1;-1;-1;586800000;;;;;;22;4;1;5;0;0
2022-04-01 05:00;37.3912;37.5178;11.617;1.92045;-3.619;1.93;71.3;22;4;1;5;0;0;-1;-1;-1;-1;-1;-1;-1;-1;-1;590400000;;;;;;22;4;1;6;0;0
2022-04-01 06:00;52.1994;65.1445;21.6455;5.32787;-3.278;1.887;72.3199;22;4;1;6;0;0;-1;-1;-1;-1;-1;-1;-1;-1;-1;594000000;;;;;;22;4;1;7;0;0
2022-04-01 07:00;62.3947;97.3997;43.8775;8.04988;-1.487;1.766;65.51;22;4;1;7;0;0;-1;-1;-1;-1;-1;-1;-1;-1;-1;597600000;;;;;;22;4;1;8;0;0
2022-04-01 08:00;49.4555;76.3315;58.575;6.77209;0.738;2.659;58.74;22;4;1;8;0;0;-1;-1;-1;-1;-1;-1;-1;-1;-1;601200000;;;;;;22;4;1;9;0;0
2022-04-01 09:00;29.5854;42.1999;50.3392;7.89238;2.26;3.848;49.8;22;4;1;9;0;0;-1;-1;-1;-1;-1;-1;-1;-1;-1;604800000;;;;;;22;4;1;10;0;0
2022-04-01 10:00;9.76088;11.6401;24.0288;3.88438;3.556;3.641;37.6;22;4;1;10;0;0;-1;-1;-1;-1;-1;-1;-1;-1;-1;608400000;;;;;;22;4;1;11;0;0
2022-04-01 11:00;5.50974;5.96914;12.5583;1.28787;4.455;3.081;31.28;22;4;1;11;0;0;-1;-1;-1;-1;-1;-1;-1;-1;-1;612000000;;;;;;22;4;1;12;0;0
2022-04-01 12:00;4.91753;5.1889;10.2565;0.576;4.831;2.308;31.01;22;4;1;12;0;0;-1;-1;-1;-1;-1;-1;-1;-1;-1;615600000;;;;;;22;4;1;13;0;0
2022-04-01 13:00;5.97055;6.18227;10.0059;2.01418;4.828;3.219;28.29;22;4;1;13;0;0;-1;-1;-1;-1;-1;-1;-1;-1;-1;619200000;;;;;;22;4;1;14;0;0
2022-04-01 14:00;4.71432;4.55239;12.5223;5.73582;4.359;4.744;36.2;22;4;1;14;0;0;-1;-1;-1;-1;-1;-1;-1;-1;-1;622800000;;;;;;22;4;1;15;0;0
2022-04-01 15:00;8.30086;8.51196;22.1972;5.73503;4.124;3.816;40.51;22;4;1;15;0;0;-1;-1;-1;-1;-1;-1;-1;-1;-1;626400000;;;;;;22;4;1;16;0;0
2022-04-01 16:00;10.2608;11.4389;25.8528;6.7428;4.312;4.371;39.84;22;4;1;16;0;0;-1;-1;-1;-1;-1;-1;-1;-1;-1;630000000;;;;;;22;4;1;17;0;0
2022-04-01 17:00;9.41559;9.90141;16.8517;3.74138;3.285;2.202;43.74;22;4;1;17;0;0;-1;-1;-1;-1;-1;-1;-1;-1;-1;633600000;;;;;;22;4;1;18;0;0
2022-04-01 18:00;14.7865;14.9736;18.6933;1.79877;2.917;2.925;49.34;22;4;1;18;0;0;-1;-1;-1;-1;-1;-1;-1;-1;-1;637200000;;;;;;22;4;1;19;0;0
2022-04-01 19:00;9.78569;9.07248;15.445;2.96487;1.971;3.469;50.67;22;4;1;19;0;0;-1;-1;-1;-1;-1;-1;-1;-1;-1;640800000;;;;;;22;4;1;20;0;0
2022-04-01 20:00;11.4832;10.7598;14.0882;3.76484;1.161;2.621;55.1;22;4;1;20;0;0;-1;-1;-1;-1;-1;-1;-1;-1;-1;644400000;;;;;;22;4;1;21;0;0
2022-04-01 21:00;12.5738;11.6851;13.4252;3.57187;0.356;1.912;60.38;22;4;1;21;0;0;-1;-1;-1;-1;-1;-1;-1;-1;-1;648000000;;;;;;22;4;1;22;0;0
2022-04-01 22:00;21.6396;20.2944;11.0993;0.00681666;-0.447;1.876;64.95;22;4;1;22;0;0;-1;-1;-1;-1;-1;-1;-1;-1;-1;651600000;;;;;;22;4;1;23;0;0
2022-04-01 23:00;20.874;19.7979;13.6345;2.8763;-1.031;1.029;68.45;22;4;1;23;0;0;-1;-1;-1;-1;-1;-1;-1;-1;-1;655200000;;;;;;22;4;2;0;0;0
2022-04-02 00:00;22.1158;20.9405;15.9675;3.17205;-1.547;1.774;70.99;22;4;2;0;0;0;-1;-1;-1;-1;-1;-1;-1;-1;-1;658800000;;;;;;22;4;2;1;0;0
2022-04-02 01:00;20.6339;19.3589;12.7983;1.17773;-2.206;2.182;74.87;22;4;2;1;0;0;-1;-1;-1;-1;-1;-1;-1;-1;-1;662400000;;;;;;22;4;2;2;0;0
2022-04-02 02:00;17.2508;16.0734;11.6817;3.0468;-2.572;1.704;76.14;22;4;2;2;0;0;-1;-1;-1;-1;-1;-1;-1;-1;-1;666000000;;;;;;22;4;2;3;0;0
2022-04-02 03:00;19.1383;18.1017;13.9743;6.37607;-3.071;1.297;79.29;22;4;2;3;0;0;-1;-1;-1;-1;-1;-1;-1;-1;-1;669600000;;;;;;22;4;2;4;0;0
2022-04-02 04:00;13.4723;12.4289;10.6152;4.28107;-3.413;1.322;81;22;4;2;4;0;0;-1;-1;-1;-1;-1;-1;-1;-1;-1;673200000;;;;;;22;4;2;5;0;0
2022-04-02 05:00;21.8534;20.5436;12.417;6.76833;-4.2;1.706;84.3;22;4;2;5;0;0;-1;-1;-1;-1;-1;-1;-1;-1;-1;676800000;;;;;;22;4;2;6;0;0
2022-04-02 06:00;24.0305;23.4094;14.2615;6.31776;-3.786;1.717;84.4;22;4;2;6;0;0;-1;-1;-1;-1;-1;-1;-1;-1;-1;680400000;;;;;;22;4;2;7;0;0
2022-04-02 07:00;25.6927;28.4049;14.5013;5.14693;-1.958;1.008;75.6801;22;4;2;7;0;0;-1;-1;-1;-1;-1;-1;-1;-1;-1;684000000;;;;;;22;4;2;8;0;0
2022-04-02 08:00;19.1552;23.9658;19.3263;7.2174;0.482;1.305;66.67;22;4;2;8;0;0;-1;-1;-1;-1;-1;-1;-1;-1;-1;687600000;;;;;;22;4;2;9;0;0
2022-04-02 09:00;14.1831;17.7207;19.4748;5.76577;2.601;2.149;51.34;22;4;2;9;0;0;-1;-1;-1;-1;-1;-1;-1;-1;-1;691200000;;;;;;22;4;2;10;0;0
2022-04-02 10:00;13.5064;17.3103;18.2282;5.69795;3.551;2.938;35.07;22;4;2;10;0;0;-1;-1;-1;-1;-1;-1;-1;-1;-1;694800000;;;;;;22;4;2;11;0;0
2022-04-02 11:00;4.39651;4.68332;;;3.462;3.093;38.75;22;4;2;11;0;0;-1;-1;-1;-1;-1;-1;-1;-1;-1;698400000;;;;;;22;4;2;12;0;0
2022-04-02 12:00;7.44074;7.855;;;4.861;2.731;33.93;22;4;2;12;0;0;-1;-1;-1;-1;-1;-1;-1;-1;-1;702000000;;;;;;22;4;2;13;0;0
2022-04-02 13:00;4.90147;4.65765;;;4.591;4.092;39.54;22;4;2;13;0;0;-1;-1;-1;-1;-1;-1;-1;-1;-1;705600000;;;;;;22;4;2;14;0;0
2022-04-02 14:00;4.54774;4.27628;;;4.161;4.259;44.25;22;4;2;14;0;0;-1;-1;-1;-1;-1;-1;-1;-1;-1;709200000;;;;;;22;4;2;15;0;0
2022-04-02 15:00;4.828;4.36559;;;4.399;4.349;42.13;22;4;2;15;0;0;-1;-1;-1;-1;-1;-1;-1;-1;-1;712800000;;;;;;22;4;2;16;0;0
2022-04-02 16:00;4.38037;3.62773;;;4.334;5.825;37.23;22;4;2;16;0;0;-1;-1;-1;-1;-1;-1;-1;-1;-1;716400000;;;;;;22;4;2;17;0;0
2022-04-02 17:00;3.65754;2.96173;;;3.874;3.433;42.05;22;4;2;17;0;0;-1;-1;-1;-1;-1;-1;-1;-1;-1;720000000;;;;;;22;4;2;18;0;0
2022-04-02 18:00;4.30756;3.44033;;;3.3;2.909;48.73;22;4;2;18;0;0;-1;-1;-1;-1;-1;-1;-1;-1;-1;723600000;;;;;;22;4;2;19;0;0
2022-04-02 19:00;4.0354;2.88367;;;2.85;1.844;51.64;22;4;2;19;0;0;-1;-1;-1;-1;-1;-1;-1;-1;-1;727200000;;;;;;22;4;2;20;0;0
2022-04-02 20:00;8.34911;7.12637;;;2.517;0.971;53.23;22;4;2;20;0;0;-1;-1;-1;-1;-1;-1;-1;-1;-1;730800000;;;;;;22;4;2;21;0;0
2022-04-02 21:00;10.0577;8.64148;;;2.37;0.746;55.89;22;4;2;21;0;0;-1;-1;-1;-1;-1;-1;-1;-1;-1;734400000;;;;;;22;4;2;22;0;0
2022-04-02 22:00;23.8987;22.2557;;;1.091;0.869;61.01;22;4;2;22;0;0;-1;-1;-1;-1;-1;-1;-1;-1;-1;738000000;;;;;;22;4;2;23;0;0
2022-04-02 23:00;44.5134;43.6053;;;-0.038;1.241;66;22;4;2;23;0;0;-1;-1;-1;-1;-1;-1;-1;-1;-1;741600000;;;;;;22;4;3;0;0;0
2022-04-03 00:00;51.215;53.1893;;;-0.213;0.854;69.41;22;4;3;0;0;0;-1;-1;-1;-1;-1;-1;-1;-1;-1;745200000;;;;;;22;4;3;1;0;0
2022-04-03 01:00;31.1559;29.6929;;;-0.43;0.526;71.72;22;4;3;1;0;0;-1;-1;-1;-1;-1;-1;-1;-1;-1;748800000;;;;;;22;4;3;2;0;0
2022-04-03 02:00;33.7617;32.61;;;-0.899;1.009;76.61;22;4;3;2;0;0;-1;-1;-1;-1;-1;-1;-1;-1;-1;752400000;;;;;;22;4;3;3;0;0
2022-04-03 03:00;25.7967;24.8587;;;-1.118;0.962;80.2;22;4;3;3;0;0;-1;-1;-1;-1;-1;-1;-1;-1;-1;756000000;;;;;;22;4;3;4;0;0
2022-04-03 04:00;20.9649;19.7355;;;-1.235;1.442;83.6;22;4;3;4;0;0;-1;-1;-1;-1;-1;-1;-1;-1;-1;759600000;;;;;;22;4;3;5;0;0
2022-04-03 05:00;14.4814;13.3101;;;-0.751;1.048;85;22;4;3;5;0;0;-1;-1;-1;-1;-1;-1;-1;-1;-1;763200000;;;;;;22;4;3;6;0;0
2022-04-03 06:00;7.7492;6.61481;;;-0.24;0.818;86.7;22;4;3;6;0;0;-1;-1;-1;-1;-1;-1;-1;-1;-1;766800000;;;;;;22;4;3;7;0;0
2022-04-03 07:00;10.2864;9.46396;;;1.241;1.247;84.3;22;4;3;7;0;0;-1;-1;-1;-1;-1;-1;-1;-1;-1;770400000;;;;;;22;4;3;8;0;0
2022-04-03 08:00;10.341;10.8461;;;4.489;2.519;76.65;22;4;3;8;0;0;-1;-1;-1;-1;-1;-1;-1;-1;-1;774000000;;;;;;22;4;3;9;0;0
2022-04-03 09:00;9.69264;10.8716;;;7.331;3.152;55.76;22;4;3;9;0;0;-1;-1;-1;-1;-1;-1;-1;-1;-1;777600000;;;;;;22;4;3;10;0;0
2022-04-03 10:00;6.86809;7.18394;;;7.622;3.863;47.61;22;4;3;10;0;0;-1;-1;-1;-1;-1;-1;-1;-1;-1;781200000;;;;;;22;4;3;11;0;0
2022-04-03 11:00;5.85557;6.0557;;;8.27;3.842;41.35;22;4;3;11;0;0;-1;-1;-1;-1;-1;-1;-1;-1;-1;784800000;;;;;;22;4;3;12;0;0
2022-04-03 12:00;5.63987;5.79089;;;7.324;4.175;46.94;22;4;3;12;0;0;-1;-1;-1;-1;-1;-1;-1;-1;-1;788400000;;;;;;22;4;3;13;0;0
2022-04-03 13:00;6.9519;7.33018;;;7.44;4.441;42.45;22;4;3;13;0;0;-1;-1;-1;-1;-1;-1;-1;-1;-1;792000000;;;;;;22;4;3;14;0;0
2022-04-03 14:00;6.78608;6.98083;;;6.871;4.55;48.31;22;4;3;14;0;0;-1;-1;-1;-1;-1;-1;-1;-1;-1;795600000;;;;;;22;4;3;15;0;0
2022-04-03 15:00;12.6856;13.8993;;;7.042;4.212;54.37;22;4;3;15;0;0;-1;-1;-1;-1;-1;-1;-1;-1;-1;799200000;;;;;;22;4;3;16;0;0
2022-04-03 16:00;9.91309;10.4043;;;6.172;4.595;64.0699;22;4;3;16;0;0;-1;-1;-1;-1;-1;-1;-1;-1;-1;802800000;;;;;;22;4;3;17;0;0
2022-04-03 17:00;23.9043;28.1822;;;5.945;3.935;64.09;22;4;3;17;0;0;-1;-1;-1;-1;-1;-1;-1;-1;-1;806400000;;;;;;22;4;3;18;0;0
2022-04-03 18:00;17.1432;17.5748;;;5.444;4.576;76.64;22;4;3;18;0;0;-1;-1;-1;-1;-1;-1;-1;-1;-1;810000000;;;;;;22;4;3;19;0;0
2022-04-03 19:00;10.8423;9.66162;;;5.534;4.382;80.8;22;4;3;19;0;0;-1;-1;-1;-1;-1;-1;-1;-1;-1;813600000;;;;;;22;4;3;20;0;0
2022-04-03 20:00;4.66721;3.42652;;;5.476;5.034;84.2;22;4;3;20;0;0;-1;-1;-1;-1;-1;-1;-1;-1;-1;817200000;;;;;;22;4;3;21;0;0
2022-04-03 21:00;11.0868;9.87822;;;5.674;4.156;87.4;22;4;3;21;0;0;-1;-1;-1;-1;-1;-1;-1;-1;-1;820800000;;;;;;22;4;3;22;0;0
2022-04-03 22:00;7.68455;6.28173;;;5.731;4.913;90.6;22;4;3;22;0;0;-1;-1;-1;-1;-1;-1;-1;-1;-1;824400000;;;;;;22;4;3;23;0;0
2022-04-03 23:00;23.6166;22.9083;;;5.973;5.531;89.3;22;4;3;23;0;0;-1;-1;-1;-1;-1;-1;-1;-1;-1;828000000;;;;;;22;4;4;0;0;0
2022-04-04 00:00;6.96144;5.63043;;;5.586;5.734;92.6;22;4;4;0;0;0;-1;-1;-1;-1;-1;-1;-1;-1;-1;831600000;;;;;;22;4;4;1;0;0
2022-04-04 01:00;4.10638;3.03725;;;5.339;6.454;88.8;22;4;4;1;0;0;-1;-1;-1;-1;-1;-1;-1;-1;-1;835200000;;;;;;22;4;4;2;0;0
2022-04-04 02:00;2.79052;1.55339;;;5.219;5.152;88.1;22;4;4;2;0;0;-1;-1;-1;-1;-1;-1;-1;-1;-1;838800000;;;;;;22;4;4;3;0;0
2022-04-04 03:00;4.45531;3.16059;;;4.664;6.052;93.7;22;4;4;3;0;0;-1;-1;-1;-1;-1;-1;-1;-1;-1;842400000;;;;;;22;4;4;4;0;0
2022-04-04 04:00;7.07906;5.57179;;;4.42;5.609;91.1;22;4;4;4;0;0;-1;-1;-1;-1;-1;-1;-1;-1;-1;846000000;;;;;;22;4;4;5;0;0
2022-04-04 05:00;3.83203;2.49805;;;4.061;4.827;92;22;4;4;5;0;0;-1;-1;-1;-1;-1;-1;-1;-1;-1;849600000;;;;;;22;4;4;6;0;0
2022-04-04 06:00;4.87635;4.06246;;;3.89;6.995;94.2;22;4;4;6;0;0;-1;-1;-1;-1;-1;-1;-1;-1;-1;853200000;;;;;;22;4;4;7;0;0
2022-04-04 07:00;5.84237;4.97906;;;4.116;6.816;94.6;22;4;4;7;0;0;-1;-1;-1;-1;-1;-1;-1;-1;-1;856800000;;;;;;22;4;4;8;0;0
2022-04-04 08:00;7.22642;6.38535;;;4.09;6.845;95.3;22;4;4;8;0;0;-1;-1;-1;-1;-1;-1;-1;-1;-1;860400000;;;;;;22;4;4;9;0;0
2022-04-04 09:00;6.79095;6.0855;;;3.231;7.843;95.6;22;4;4;9;0;0;-1;-1;-1;-1;-1;-1;-1;-1;-1;864000000;;;;;;22;4;4;10;0;0
2022-04-04 10:00;7.09376;6.4587;;;3.166;7.162;96.7;22;4;4;10;0;0;-1;-1;-1;-1;-1;-1;-1;-1;-1;867600000;;;;;;22;4;4;11;0;0
2022-04-04 11:00;6.96994;6.67017;;;3.44;5.338;99.2;22;4;4;11;0;0;-1;-1;-1;-1;-1;-1;-1;-1;-1;871200000;;;;;;22;4;4;12;0;0
2022-04-04 12:00;12.6858;13.5302;;;6.388;5.534;100;22;4;4;12;0;0;-1;-1;-1;-1;-1;-1;-1;-1;-1;874800000;;;;;;22;4;4;13;0;0
2022-04-04 13:00;10.0592;10.4512;;;6.315;4.544;100;22;4;4;13;0;0;-1;-1;-1;-1;-1;-1;-1;-1;-1;878400000;;;;;;22;4;4;14;0;0
2022-04-04 14:00;14.0099;14.8829;0;0;5.954;5.07;98.2;22;4;4;14;0;0;-1;-1;-1;-1;-1;-1;-1;-1;-1;882000000;;;;;;22;4;4;15;0;0
2022-04-04 15:00;10.156;10.3985;;;4.301;6.178;89.4;22;4;4;15;0;0;-1;-1;-1;-1;-1;-1;-1;-1;-1;885600000;;;;;;22;4;4;16;0;0
2022-04-04 16:00;14.975;18.0332;0.973184;-0.869217;4.81;3.795;83;22;4;4;16;0;0;-1;-1;-1;-1;-1;-1;-1;-1;-1;889200000;;;;;;22;4;4;17;0;0
2022-04-04 17:00;17.6762;21.6261;0.7279;0.186584;5.04;3.04;88.3;22;4;4;17;0;0;-1;-1;-1;-1;-1;-1;-1;-1;-1;892800000;;;;;;22;4;4;18;0;0
2022-04-04 18:00;14.2484;14.7489;3.60185;2.93502;5.224;3.715;91;22;4;4;18;0;0;-1;-1;-1;-1;-1;-1;-1;-1;-1;896400000;;;;;;22;4;4;19;0;0
2022-04-04 19:00;9.83482;8.96127;3.87584;2.74463;5.034;3.536;85.9;22;4;4;19;0;0;-1;-1;-1;-1;-1;-1;-1;-1;-1;900000000;;;;;;22;4;4;20;0;0
2022-04-04 20:00;11.9198;14.2064;1.28187;-0.400217;4.091;4.018;83;22;4;4;20;0;0;-1;-1;-1;-1;-1;-1;-1;-1;-1;903600000;;;;;;22;4;4;21;0;0
2022-04-04 21:00;16.0838;24.1413;4.44865;3.08718;3.1;4.208;76.1901;22;4;4;21;0;0;-1;-1;-1;-1;-1;-1;-1;-1;-1;907200000;;;;;;22;4;4;22;0;0
2022-04-04 22:00;11.9086;16.8304;1.8185;0.397383;2.531;4.121;77.35;22;4;4;22;0;0;-1;-1;-1;-1;-1;-1;-1;-1;-1;910800000;;;;;;22;4;4;23;0;0
2022-04-04 23:00;8.05675;8.75729;4.13133;1.78337;2.265;3.458;77.8;22;4;4;23;0;0;-1;-1;-1;-1;-1;-1;-1;-1;-1;914400000;;;;;;22;4;5;0;0;0
2022-04-05 00:00;4.51606;3.44403;11.8825;2.04713;1.727;3.646;74.6801;22;4;5;0;0;0;-1;-1;-1;-1;-1;-1;-1;-1;-1;918000000;;;;;;22;4;5;1;0;0
2022-04-05 01:00;3.26969;2.31426;6.17208;1.30358;1.204;3.565;71.46;22;4;5;1;0;0;-1;-1;-1;-1;-1;-1;-1;-1;-1;921600000;;;;;;22;4;5;2;0;0
2022-04-05 02:00;2.4549;1.41916;0.975817;-0.337966;0.85;2.805;71.03;22;4;5;2;0;0;-1;-1;-1;-1;-1;-1;-1;-1;-1;925200000;;;;;;22;4;5;3;0;0
2022-04-05 03:00;2.79733;1.69702;1.34628;0.374333;0.569;2.565;64.72;22;4;5;3;0;0;-1;-1;-1;-1;-1;-1;-1;-1;-1;928800000;;;;;;22;4;5;4;0;0
2022-04-05 04:00;7.88422;6.78933;2.65998;1.92835;0.297;2.715;58.11;22;4;5;4;0;0;-1;-1;-1;-1;-1;-1;-1;-1;-1;932400000;;;;;;22;4;5;5;0;0
2022-04-05 05:00;7.46101;6.42263;4.6338;2.02997;-0.069;1.003;61.54;22;4;5;5;0;0;-1;-1;-1;-1;-1;-1;-1;-1;-1;936000000;;;;;;22;4;5;6;0;0
2022-04-05 06:00;39.6253;46.3514;19.5238;2.86395;0.939;1.338;54.2;22;4;5;6;0;0;-1;-1;-1;-1;-1;-1;-1;-1;-1;939600000;;;;;;22;4;5;7;0;0
2022-04-05 07:00;40.1979;49.394;27.7073;3.17138;1.924;1.533;49.12;22;4;5;7;0;0;-1;-1;-1;-1;-1;-1;-1;-1;-1;943200000;;;;;;22;4;5;8;0;0
2022-04-05 08:00;25.2513;31.1575;26.1032;3.68435;4.206;1.724;42.99;22;4;5;8;0;0;-1;-1;-1;-1;-1;-1;-1;-1;-1;946800000;;;;;;22;4;5;9;0;0
2022-04-05 09:00;12.598;14.4846;16.2757;2.5284;5.242;3.845;41.59;22;4;5;9;0;0;-1;-1;-1;-1;-1;-1;-1;-1;-1;950400000;;;;;;22;4;5;10;0;0
2022-04-05 10:00;8.19463;9.08075;10.4787;3.54888;6.298;4.765;38.81;22;4;5;10;0;0;-1;-1;-1;-1;-1;-1;-1;-1;-1;954000000;;;;;;22;4;5;11;0;0
2022-04-05 11:00;7.15503;7.87025;7.76747;2.04142;6.457;4.954;40.48;22;4;5;11;0;0;-1;-1;-1;-1;-1;-1;-1;-1;-1;957600000;;;;;;22;4;5;12;0;0
2022-04-05 12:00;8.41565;9.76041;7.96799;2.6641;6.314;4.339;41.36;22;4;5;12;0;0;-1;-1;-1;-1;-1;-1;-1;-1;-1;961200000;;;;;;22;4;5;13;0;0
2022-04-05 13:00;6.95245;7.54285;8.26703;1.80895;5.582;4.525;45.85;22;4;5;13;0;0;-1;-1;-1;-1;-1;-1;-1;-1;-1;964800000;;;;;;22;4;5;14;0;0
2022-04-05 14:00;5.75496;5.66111;11.211;3.27507;5.913;4.425;47.53;22;4;5;14;0;0;-1;-1;-1;-1;-1;-1;-1;-1;-1;968400000;;;;;;22;4;5;15;0;0
2022-04-05 15:00;6.34504;6.12486;14.636;5.5722;5.989;3.497;47.64;22;4;5;15;0;0;-1;-1;-1;-1;-1;-1;-1;-1;-1;972000000;;;;;;22;4;5;16;0;0
2022-04-05 16:00;7.9216;7.82124;11.4215;3.186;5.981;5.248;49.93;22;4;5;16;0;0;-1;-1;-1;-1;-1;-1;-1;-1;-1;975600000;;;;;;22;4;5;17;0;0
2022-04-05 17:00;6.88251;6.63079;12.6663;1.69583;5.79;4.255;55.06;22;4;5;17;0;0;-1;-1;-1;-1;-1;-1;-1;-1;-1;979200000;;;;;;22;4;5;18;0;0
2022-04-05 18:00;8.58871;8.05428;19.5358;4.73033;;;;22;4;5;18;0;0;-1;-1;-1;-1;-1;-1;-1;-1;-1;982800000;;;;;;22;4;5;19;0;0
2022-04-05 19:00;10.8508;10.0469;14.8268;6.65187;;;;22;4;5;19;0;0;-1;-1;-1;-1;-1;-1;-1;-1;-1;986400000;;;;;;22;4;5;20;0;0
2022-04-05 20:00;19.1434;17.7465;5.01672;3.99533;;;;22;4;5;20;0;0;-1;-1;-1;-1;-1;-1;-1;-1;-1;990000000;;;;;;22;4;5;21;0;0
2022-04-05 21:00;27.4055;26.32;6.84382;4.45383;;;;22;4;5;21;0;0;-1;-1;-1;-1;-1;-1;-1;-1;-1;993600000;;;;;;22;4;5;22;0;0
2022-04-05 22:00;51.4869;59.5763;6.30873;3.14445;;;;22;4;5;22;0;0;-1;-1;-1;-1;-1;-1;-1;-1;-1;997200000;;;;;;22;4;5;23;0;0
2022-04-05 23:00;54.4841;61.5885;10.4837;5.52728;;;;22;4;5;23;0;0;-1;-1;-1;-1;-1;-1;-1;-1;-1;1000800000;;;;;;22;4;6;0;0;0
2022-04-06 00:00;31.0305;29.5185;11.7935;7.31528;;;;22;4;6;0;0;0;-1;-1;-1;-1;-1;-1;-1;-1;-1;1004400000;;;;;;22;4;6;1;0;0
2022-04-06 01:00;27.6943;26.3156;8.14835;4.60861;;;;22;4;6;1;0;0;-1;-1;-1;-1;-1;-1;-1;-1;-1;1008000000;;;;;;22;4;6;2;0;0
2022-04-06 02:00;17.9046;16.9013;7.35982;3.81078;;;;22;4;6;2;0;0;-1;-1;-1;-1;-1;-1;-1;-1;-1;1011600000;;;;;;22;4;6;3;0;0
2022-04-06 03:00;9.78064;8.61292;6.47973;3.7737;;;;22;4;6;3;0;0;-1;-1;-1;-1;-1;-1;-1;-1;-1;1015200000;;;;;;22;4;6;4;0;0
2022-04-06 04:00;8.03098;6.67553;7.22504;4.17758;;;;22;4;6;4;0;0;-1;-1;-1;-1;-1;-1;-1;-1;-1;1018800000;;;;;;22;4;6;5;0;0
2022-04-06 05:00;8.67465;7.4948;7.79096;4.54247;;;;22;4;6;5;0;0;-1;-1;-1;-1;-1;-1;-1;-1;-1;1022400000;;;;;;22;4;6;6;0;0
2022-04-06 06:00;11.1383;10.1478;12.0804;8.17418;1.093;2.384;95.3;22;4;6;6;0;0;-1;-1;-1;-1;-1;-1;-1;-1;-1;1026000000;;;;;;22;4;6;7;0;0
2022-04-06 07:00;21.3838;21.9888;12.1745;6.5044;1.788;2.816;93.5;22;4;6;7;0;0;-1;-1;-1;-1;-1;-1;-1;-1;-1;1029600000;;;;;;22;4;6;8;0;0
2022-04-06 08:00;20.6473;22.6464;14.1342;6.99175;2.549;3.232;91;22;4;6;8;0;0;-1;-1;-1;-1;-1;-1;-1;-1;-1;1033200000;;;;;;22;4;6;9;0;0
2022-04-06 09:00;23.0089;26.9579;13.7428;4.792;2.44;4.843;86.3;22;4;6;9;0;0;-1;-1;-1;-1;-1;-1;-1;-1;-1;1036800000;;;;;;22;4;6;10;0;0
2022-04-06 10:00;13.484;14.6525;10.6235;1.41003;1.309;2.926;92.7;22;4;6;10;0;0;-1;-1;-1;-1;-1;-1;-1;-1;-1;1040400000;;;;;;22;4;6;11;0;0
2022-04-06 11:00;11.0428;11.1685;5.97549;2.16065;0.493;3.606;97;22;4;6;11;0;0;-1;-1;-1;-1;-1;-1;-1;-1;-1;1044000000;;;;;;22;4;6;12;0;0
2022-04-06 12:00;7.60051;7.36764;7.04353;5.2416;0.864;4.344;95.9;22;4;6;12;0;0;-1;-1;-1;-1;-1;-1;-1;-1;-1;1047600000;;;;;;22;4;6;13;0;0
2022-04-06 13:00;8.12891;8.35164;1.6355;0.706467;1.141;5.049;94.6;22;4;6;13;0;0;-1;-1;-1;-1;-1;-1;-1;-1;-1;1051200000;;;;;;22;4;6;14;0;0
2022-04-06 14:00;7.6638;7.686;0.633;-0.1391;1.172;4.875;98.1;22;4;6;14;0;0;-1;-1;-1;-1;-1;-1;-1;-1;-1;1054800000;;;;;;22;4;6;15;0;0
2022-04-06 15:00;11.1515;11.902;4.14332;3.23392;1.551;4.312;96.8;22;4;6;15;0;0;-1;-1;-1;-1;-1;-1;-1;-1;-1;1058400000;;;;;;22;4;6;16;0;0
2022-04-06 16:00;9.28458;9.8815;5.51985;4.70889;2.01;3.433;93.6;22;4;6;16;0;0;-1;-1;-1;-1;-1;-1;-1;-1;-1;1062000000;;;;;;22;4;6;17;0;0
2022-04-06 17:00;11.7786;12.429;4.20895;3.62983;1.899;3.895;93.1;22;4;6;17;0;0;-1;-1;-1;-1;-1;-1;-1;-1;-1;1065600000;;;;;;22;4;6;18;0;0
2022-04-06 18:00;8.16768;7.92775;3.10392;2.91022;1.507;3.12;96.5;22;4;6;18;0;0;-1;-1;-1;-1;-1;-1;-1;-1;-1;1069200000;;;;;;22;4;6;19;0;0
2022-04-06 19:00;14.5794;14.0878;3.64012;2.91682;1.02;1.446;100;22;4;6;19;0;0;-1;-1;-1;-1;-1;-1;-1;-1;-1;1072800000;;;;;;22;4;6;20;0;0
2022-04-06 20:00;14.3032;13.5659;5.9174;5.28008;1.016;1.841;100;22;4;6;20;0;0;-1;-1;-1;-1;-1;-1;-1;-1;-1;1076400000;;;;;;22;4;6;21;0;0
2022-04-06 21:00;21.6579;21.6917;5.25125;4.62182;1.202;1.583;100;22;4;6;21;0;0;-1;-1;-1;-1;-1;-1;-1;-1;-1;1080000000;;;;;;22;4;6;22;0;0
2022-04-06 22:00;21.715;20.7242;4.17574;2.9242;1.397;1.164;100;22;4;6;22;0;0;-1;-1;-1;-1;-1;-1;-1;-1;-1;1083600000;;;;;;22;4;6;23;0;0
2022-04-06 23:00;22.639;21.9855;4.99461;3.71763;1.504;2.221;100;22;4;6;23;0;0;-1;-1;-1;-1;-1;-1;-1;-1;-1;1087200000;;;;;;22;4;7;0;0;0
2022-04-07 00:00;18.6649;17.6527;5.77205;4.988;1.634;1.527;100;22;4;7;0;0;0;-1;-1;-1;-1;-1;-1;-1;-1;-1;1090800000;;;;;;22;4;7;1;0;0
2022-04-07 01:00;21.5194;20.391;8.89238;7.58728;1.704;0.778;100;22;4;7;1;0;0;-1;-1;-1;-1;-1;-1;-1;-1;-1;1094400000;;;;;;22;4;7;2;0;0
2022-04-07 02:00;17.1396;15.8485;6.96667;5.88868;1.753;1.662;100;22;4;7;2;0;0;-1;-1;-1;-1;-1;-1;-1;-1;-1;1098000000;;;;;;22;4;7;3;0;0
2022-04-07 03:00;18.9249;17.5387;6.65141;5.81017;1.559;1.697;100;22;4;7;3;0;0;-1;-1;-1;-1;-1;-1;-1;-1;-1;1101600000;;;;;;22;4;7;4;0;0
2022-04-07 04:00;16.7674;15.6759;9.21017;7.97657;1.545;1.619;100;22;4;7;4;0;0;-1;-1;-1;-1;-1;-1;-1;-1;-1;1105200000;;;;;;22;4;7;5;0;0
2022-04-07 05:00;21.045;21.5205;8.74849;7.09285;1.708;1.838;100;22;4;7;5;0;0;-1;-1;-1;-1;-1;-1;-1;-1;-1;1108800000;;;;;;22;4;7;6;0;0
2022-04-07 06:00;31.8298;38.0071;9.989;7.74005;1.834;2.396;100;22;4;7;6;0;0;-1;-1;-1;-1;-1;-1;-1;-1;-1;1112400000;;;;;;22;4;7;7;0;0
2022-04-07 07:00;27.9561;33.9063;7.48786;5.11852;2.458;2.277;100;22;4;7;7;0;0;-1;-1;-1;-1;-1;-1;-1;-1;-1;1116000000;;;;;;22;4;7;8;0;0
2022-04-07 08:00;;;9.19264;6.38399;3.148;2.188;100;22;4;7;8;0;0;-1;-1;-1;-1;-1;-1;-1;-1;-1;1119600000;;;;;;;;;;;
