processor_millis;SDS011_pm25; SDS011_pm10;BME680_temperature; BME680_pressure; BME680_humidity; BME680_gasResistance;CCS811_C02; CCS811_TVOC;GPS_year; GPS_month; GPS_day; GPS_hour; GPS_minute; GPS_seconds; GPS_longitude; GPS_latitude; GPS_noSaltilites; GPS_fix;CozIr_Co2; CozIr_Co2_filtered;SN1_WE_u; SN1_AE_u; SN2_WE_u; SN2_AE_u; NO2; O3; PT1000 temp;Errors
0;0.71;0.73;24.3;-1;25;-1;-1;-1;22;4;12;6;56;33;;;;;;-1;;;;;-1;-1;;
182000;0.69;0.7;24.8;-1;25;-1;-1;-1;22;4;12;6;59;35;;;;;;-1;;;;;-1;-1;;
364000;0.65;0.66;25.1;-1;24;-1;-1;-1;22;4;12;7;2;37;;;;;;-1;;;;;-1;-1;;
546000;0.52;0.53;25.5;-1;24;-1;-1;-1;22;4;12;7;5;39;;;;;;-1;;;;;-1;-1;;
728000;0.73;0.74;25.8;-1;24;-1;-1;-1;22;4;12;7;9;7;;;;;;-1;;;;;-1;-1;;
910000;0.53;0.54;26.1;-1;24;-1;-1;-1;22;4;12;7;13;7;;;;;;-1;;;;;-1;-1;;
1092000;0.78;0.79;26.4;-1;24;-1;-1;-1;22;4;12;7;16;9;;;;;;-1;;;;;-1;-1;;
1274000;0.55;0.56;26.7;-1;24;-1;-1;-1;22;4;12;7;20;1;;;;;;-1;;;;;-1;-1;;
1456000;0.71;0.72;26.9;-1;23;-1;-1;-1;22;4;12;7;23;7;;;;;;-1;;;;;-1;-1;;
1638000;0.62;0.63;27.5;-1;23;-1;-1;-1;22;4;12;7;32;13;;;;;;-1;;;;;-1;-1;;
1820000;0.53;0.54;27.7;-1;23;-1;-1;-1;22;4;12;7;35;15;;;;;;-1;;;;;-1;-1;;
2002000;0.42;0.43;27.8;-1;23;-1;-1;-1;22;4;12;7;38;17;;;;;;-1;;;;;-1;-1;;
2184000;0.53;0.54;27.9;-1;22;-1;-1;-1;22;4;12;7;41;19;;;;;;-1;;;;;-1;-1;;
2366000;0.56;0.57;28;-1;22;-1;-1;-1;22;4;12;7;44;21;;;;;;-1;;;;;-1;-1;;
2548000;0.32;0.32;28.1;-1;22;-1;-1;-1;22;4;12;7;47;23;;;;;;-1;;;;;-1;-1;;
2730000;0.64;0.65;28.2;-1;22;-1;-1;-1;22;4;12;7;50;25;;;;;;-1;;;;;-1;-1;;
2912000;0.42;0.43;28.3;-1;22;-1;-1;-1;22;4;12;7;53;27;;;;;;-1;;;;;-1;-1;;
3094000;0.28;0.29;28.3;-1;22;-1;-1;-1;22;4;12;7;56;29;;;;;;-1;;;;;-1;-1;;
3276000;0.43;0.44;28.4;-1;22;-1;-1;-1;22;4;12;7;59;31;;;;;;-1;;;;;-1;-1;;
3458000;0.48;0.49;28.4;-1;22;-1;-1;-1;22;4;12;8;2;33;;;;;;-1;;;;;-1;-1;;
3640000;0.51;0.52;28.5;-1;21;-1;-1;-1;22;4;12;8;5;35;;;;;;-1;;;;;-1;-1;;
3822000;0.7;0.71;28.5;-1;21;-1;-1;-1;22;4;12;8;8;37;;;;;;-1;;;;;-1;-1;;
4004000;0.42;0.42;28.6;-1;21;-1;-1;-1;22;4;12;8;11;39;;;;;;-1;;;;;-1;-1;;
4186000;0.5;0.5;28.6;-1;21;-1;-1;-1;22;4;12;8;14;41;;;;;;-1;;;;;-1;-1;;
4368000;0.44;0.45;28.6;-1;21;-1;-1;-1;22;4;12;8;17;43;;;;;;-1;;;;;-1;-1;;
4550000;0.5;0.51;28.6;-1;21;-1;-1;-1;22;4;12;8;20;45;;;;;;-1;;;;;-1;-1;;
4732000;0.58;0.58;28.7;-1;21;-1;-1;-1;22;4;12;8;23;47;;;;;;-1;;;;;-1;-1;;
4914000;0.48;0.48;28.7;-1;21;-1;-1;-1;22;4;12;8;26;49;;;;;;-1;;;;;-1;-1;;
5096000;0.55;0.56;28.7;-1;21;-1;-1;-1;22;4;12;8;29;51;;;;;;-1;;;;;-1;-1;;
5278000;0.56;0.57;28.7;-1;21;-1;-1;-1;22;4;12;8;32;53;;;;;;-1;;;;;-1;-1;;
5460000;0.56;0.57;28.7;-1;21;-1;-1;-1;22;4;12;8;35;55;;;;;;-1;;;;;-1;-1;;
5642000;0.34;0.34;29;-1;19;-1;-1;-1;22;4;12;9;45;41;;;;;;-1;;;;;-1;-1;;
5824000;0.24;0.24;29;-1;19;-1;-1;-1;22;4;12;9;48;43;;;;;;-1;;;;;-1;-1;;
6006000;0.24;0.24;29;-1;19;-1;-1;-1;22;4;12;9;51;45;;;;;;-1;;;;;-1;-1;;
6188000;0.59;0.59;29;-1;19;-1;-1;-1;22;4;12;9;54;47;;;;;;-1;;;;;-1;-1;;
6370000;0.27;0.27;29;-1;19;-1;-1;-1;22;4;12;9;57;49;;;;;;-1;;;;;-1;-1;;
6552000;0.38;0.38;29.1;-1;19;-1;-1;-1;22;4;12;10;0;51;;;;;;-1;;;;;-1;-1;;
6734000;0.29;0.3;29.1;-1;19;-1;-1;-1;22;4;12;10;3;53;;;;;;-1;;;;;-1;-1;;
6916000;0.47;0.48;29.1;-1;19;-1;-1;-1;22;4;12;10;6;55;;;;;;-1;;;;;-1;-1;;
7098000;0.34;0.35;29.1;-1;19;-1;-1;-1;22;4;12;10;9;57;;;;;;-1;;;;;-1;-1;;
7280000;0.37;0.37;29.1;-1;19;-1;-1;-1;22;4;12;10;12;59;;;;;;-1;;;;;-1;-1;;
7462000;0.35;0.35;29.1;-1;19;-1;-1;-1;22;4;12;10;16;1;;;;;;-1;;;;;-1;-1;;
7644000;0.47;0.47;29.1;-1;19;-1;-1;-1;22;4;12;10;19;3;;;;;;-1;;;;;-1;-1;;
7826000;0.22;0.22;29.1;-1;19;-1;-1;-1;22;4;12;10;22;5;;;;;;-1;;;;;-1;-1;;
8008000;0.36;0.37;29.1;-1;19;-1;-1;-1;22;4;12;10;25;7;;;;;;-1;;;;;-1;-1;;
8190000;0.33;0.34;29.1;-1;19;-1;-1;-1;22;4;12;10;28;9;;;;;;-1;;;;;-1;-1;;
8372000;0.36;0.37;29.2;-1;19;-1;-1;-1;22;4;12;10;31;11;;;;;;-1;;;;;-1;-1;;
8554000;0.5;0.51;29.2;-1;19;-1;-1;-1;22;4;12;10;34;13;;;;;;-1;;;;;-1;-1;;
8736000;0.25;0.26;29.1;-1;19;-1;-1;-1;22;4;12;10;37;15;;;;;;-1;;;;;-1;-1;;
8918000;0.29;0.3;29.1;-1;19;-1;-1;-1;22;4;12;10;40;17;;;;;;-1;;;;;-1;-1;;
9100000;0.26;0.26;29.1;-1;19;-1;-1;-1;22;4;12;10;43;19;;;;;;-1;;;;;-1;-1;;
9282000;0.65;0.67;29.1;-1;19;-1;-1;-1;22;4;12;10;46;21;;;;;;-1;;;;;-1;-1;;
9464000;0.26;0.27;29.1;-1;18;-1;-1;-1;22;4;12;10;49;23;;;;;;-1;;;;;-1;-1;;
9646000;0.46;0.47;29.1;-1;18;-1;-1;-1;22;4;12;10;52;25;;;;;;-1;;;;;-1;-1;;
9828000;0.23;0.24;29.1;-1;18;-1;-1;-1;22;4;12;10;55;27;;;;;;-1;;;;;-1;-1;;
10010000;0.39;0.4;29.1;-1;18;-1;-1;-1;22;4;12;10;58;29;;;;;;-1;;;;;-1;-1;;
10192000;0.3;0.31;29.1;-1;18;-1;-1;-1;22;4;12;11;1;31;;;;;;-1;;;;;-1;-1;;
10374000;0.38;0.39;29.1;-1;18;-1;-1;-1;22;4;12;11;4;33;;;;;;-1;;;;;-1;-1;;
10556000;0.36;0.37;29.1;-1;18;-1;-1;-1;22;4;12;11;7;35;;;;;;-1;;;;;-1;-1;;
10738000;0.47;0.48;29.1;-1;18;-1;-1;-1;22;4;12;11;10;37;;;;;;-1;;;;;-1;-1;;
10920000;0.32;0.33;29.1;-1;18;-1;-1;-1;22;4;12;11;13;39;;;;;;-1;;;;;-1;-1;;
11102000;0.24;0.25;29.2;-1;18;-1;-1;-1;22;4;12;11;16;41;;;;;;-1;;;;;-1;-1;;
11284000;0.25;0.26;29.2;-1;18;-1;-1;-1;22;4;12;11;19;43;;;;;;-1;;;;;-1;-1;;
11466000;0.64;0.66;29.2;-1;18;-1;-1;-1;22;4;12;11;22;45;;;;;;-1;;;;;-1;-1;;
11648000;0.24;0.25;29.2;-1;18;-1;-1;-1;22;4;12;11;25;47;;;;;;-1;;;;;-1;-1;;
11830000;0.25;0.26;29.2;-1;18;-1;-1;-1;22;4;12;11;28;49;;;;;;-1;;;;;-1;-1;;
12012000;0.31;0.32;29.2;-1;18;-1;-1;-1;22;4;12;11;29;51;;;;;;-1;;;;;-1;-1;;
12194000;0.19;0.2;29.2;-1;18;-1;-1;-1;22;4;12;11;30;53;;;;;;-1;;;;;-1;-1;;
12376000;0.07;0.08;29.1;-1;18;-1;-1;-1;22;4;12;11;31;55;;;;;;-1;;;;;-1;-1;;
12558000;0.14;0.14;29;-1;18;-1;-1;-1;22;4;12;11;32;57;;;;;;-1;;;;;-1;-1;;
12740000;3.76;4.33;28.6;-1;18;-1;-1;-1;22;4;12;11;39;9;;;;;;-1;;;;;-1;-1;;
12922000;4.41;5.48;28.5;-1;18;-1;-1;-1;22;4;12;11;42;11;;;;;;-1;;;;;-1;-1;;
13104000;0.72;0.92;28.4;-1;18;-1;-1;-1;22;4;12;11;43;13;;;;;;-1;;;;;-1;-1;;
13286000;0.29;0.37;28.4;-1;18;-1;-1;-1;22;4;12;11;44;15;;;;;;-1;;;;;-1;-1;;
13468000;0.32;0.4;28.3;-1;18;-1;-1;-1;22;4;12;11;45;17;;;;;;-1;;;;;-1;-1;;
13650000;0.22;0.28;28.3;-1;18;-1;-1;-1;22;4;12;11;46;19;;;;;;-1;;;;;-1;-1;;
13832000;0.23;0.28;28.2;-1;18;-1;-1;-1;22;4;12;11;47;21;;;;;;-1;;;;;-1;-1;;
14014000;0.17;0.21;28.2;-1;18;-1;-1;-1;22;4;12;11;48;23;;;;;;-1;;;;;-1;-1;;
14196000;0.26;0.32;28.1;-1;18;-1;-1;-1;22;4;12;11;49;25;;;;;;-1;;;;;-1;-1;;
14378000;0.23;0.28;28.1;-1;18;-1;-1;-1;22;4;12;11;50;27;;;;;;-1;;;;;-1;-1;;
14560000;0.09;0.11;28;-1;18;-1;-1;-1;22;4;12;11;51;29;;;;;;-1;;;;;-1;-1;;
14742000;0.09;0.12;28;-1;18;-1;-1;-1;22;4;12;11;52;31;;;;;;-1;;;;;-1;-1;;
14924000;0.82;1.01;28;-1;18;-1;-1;-1;22;4;12;11;53;33;;;;;;-1;;;;;-1;-1;;
15106000;0.31;0.38;27.9;-1;18;-1;-1;-1;22;4;12;11;54;35;;;;;;-1;;;;;-1;-1;;
15288000;0.6;0.75;27.9;-1;18;-1;-1;-1;22;4;12;11;55;37;;;;;;-1;;;;;-1;-1;;
15470000;0.17;0.21;27.9;-1;18;-1;-1;-1;22;4;12;11;56;39;;;;;;-1;;;;;-1;-1;;
15652000;0.37;0.46;27.9;-1;18;-1;-1;-1;22;4;12;11;57;41;;;;;;-1;;;;;-1;-1;;
15834000;2.22;2.95;27.9;-1;18;-1;-1;-1;22;4;12;11;58;43;;;;;;-1;;;;;-1;-1;;
16016000;1.06;1.47;27.9;-1;18;-1;-1;-1;22;4;12;11;59;45;;;;;;-1;;;;;-1;-1;;
16198000;0.41;0.56;27.8;-1;18;-1;-1;-1;22;4;12;12;0;47;;;;;;-1;;;;;-1;-1;;
16380000;0.54;0.74;27.8;-1;18;-1;-1;-1;22;4;12;12;1;49;;;;;;-1;;;;;-1;-1;;
16562000;0.25;0.35;27.8;-1;18;-1;-1;-1;22;4;12;12;2;51;;;;;;-1;;;;;-1;-1;;
16744000;0.08;0.11;27.8;-1;18;-1;-1;-1;22;4;12;12;3;53;;;;;;-1;;;;;-1;-1;;
16926000;0.11;0.15;27.8;-1;18;-1;-1;-1;22;4;12;12;4;55;;;;;;-1;;;;;-1;-1;;
17108000;0.1;0.13;27.8;-1;18;-1;-1;-1;22;4;12;12;5;57;;;;;;-1;;;;;-1;-1;;
17290000;0.06;0.09;27.7;-1;18;-1;-1;-1;22;4;12;12;6;59;;;;;;-1;;;;;-1;-1;;
17472000;0.08;0.1;27.7;-1;18;-1;-1;-1;22;4;12;12;8;1;;;;;;-1;;;;;-1;-1;;
17654000;0.08;0.1;27.6;-1;18;-1;-1;-1;22;4;12;12;9;3;;;;;;-1;;;;;-1;-1;;
17836000;5;7.02;27.6;-1;18;-1;-1;-1;22;4;12;12;10;5;;;;;;-1;;;;;-1;-1;;
18018000;1.38;1.99;27.5;-1;18;-1;-1;-1;22;4;12;12;11;7;;;;;;-1;;;;;-1;-1;;
18200000;1.11;1.6;27.5;-1;18;-1;-1;-1;22;4;12;12;12;9;;;;;;-1;;;;;-1;-1;;
18382000;0.68;0.98;27.4;-1;18;-1;-1;-1;22;4;12;12;13;11;;;;;;-1;;;;;-1;-1;;
18564000;0.57;0.82;27.3;-1;18;-1;-1;-1;22;4;12;12;14;13;;;;;;-1;;;;;-1;-1;;
18746000;5.17;7.57;27.2;-1;18;-1;-1;-1;22;4;12;12;15;16;;;;;;-1;;;;;-1;-1;;
18928000;0.81;1.19;27.1;-1;18;-1;-1;-1;22;4;12;12;16;18;;;;;;-1;;;;;-1;-1;;
19110000;0.3;0.44;27;-1;18;-1;-1;-1;22;4;12;12;17;20;;;;;;-1;;;;;-1;-1;;
19292000;0.31;0.47;26.9;-1;18;-1;-1;-1;22;4;12;12;18;22;;;;;;-1;;;;;-1;-1;;
19474000;0.47;0.71;26.8;-1;18;-1;-1;-1;22;4;12;12;19;24;;;;;;-1;;;;;-1;-1;;
19656000;0.23;0.34;26.7;-1;18;-1;-1;-1;22;4;12;12;20;26;;;;;;-1;;;;;-1;-1;;
19838000;0.35;0.51;26.7;-1;18;-1;-1;-1;22;4;12;12;21;28;;;;;;-1;;;;;-1;-1;;
20020000;1.73;2.57;26.6;-1;18;-1;-1;-1;22;4;12;12;22;30;;;;;;-1;;;;;-1;-1;;
20202000;0.25;0.37;26.6;-1;18;-1;-1;-1;22;4;12;12;23;32;;;;;;-1;;;;;-1;-1;;
20384000;0.63;0.93;26.5;-1;18;-1;-1;-1;22;4;12;12;24;34;;;;;;-1;;;;;-1;-1;;
20566000;0.13;0.19;26.5;-1;18;-1;-1;-1;22;4;12;12;25;36;;;;;;-1;;;;;-1;-1;;
20748000;1.33;1.77;24.6;-1;17;-1;-1;-1;22;4;12;12;38;1;;;;;;-1;;;;;-1;-1;;
20930000;0.98;1.29;24.1;-1;17;-1;-1;-1;22;4;12;12;39;3;;;;;;-1;;;;;-1;-1;;
21112000;1.37;1.8;23.7;-1;17;-1;-1;-1;22;4;12;12;40;5;;;;;;-1;;;;;-1;-1;;
21294000;1.15;1.48;23.2;-1;17;-1;-1;-1;22;4;12;12;41;7;;;;;;-1;;;;;-1;-1;;
21476000;0.99;1.26;22.8;-1;17;-1;-1;-1;22;4;12;12;42;9;;;;;;-1;;;;;-1;-1;;
21658000;1.38;1.74;22.3;-1;17;-1;-1;-1;22;4;12;12;43;11;;;;;;-1;;;;;-1;-1;;
21840000;0.91;1.14;21.9;-1;17;-1;-1;-1;22;4;12;12;44;13;;;;;;-1;;;;;-1;-1;;
22022000;1.07;1.33;21.4;-1;17;-1;-1;-1;22;4;12;12;45;15;;;;;;-1;;;;;-1;-1;;
22204000;0.72;0.88;21;-1;17;-1;-1;-1;22;4;12;12;46;17;;;;;;-1;;;;;-1;-1;;
22386000;1.32;1.6;20.6;-1;17;-1;-1;-1;22;4;12;12;47;19;;;;;;-1;;;;;-1;-1;;
22568000;1.02;1.23;20.2;-1;17;-1;-1;-1;22;4;12;12;48;21;;;;;;-1;;;;;-1;-1;;
22750000;1.06;1.28;19.8;-1;17;-1;-1;-1;22;4;12;12;49;23;;;;;;-1;;;;;-1;-1;;
22932000;1.04;1.24;19.5;-1;17;-1;-1;-1;22;4;12;12;50;25;;;;;;-1;;;;;-1;-1;;
23114000;1;1.19;19.1;-1;17;-1;-1;-1;22;4;12;12;51;27;;;;;;-1;;;;;-1;-1;;
23296000;0.9;1.08;18.8;-1;17;-1;-1;-1;22;4;12;12;52;29;;;;;;-1;;;;;-1;-1;;
23478000;0.79;0.94;18.5;-1;17;-1;-1;-1;22;4;12;12;53;31;;;;;;-1;;;;;-1;-1;;
23660000;0.9;1.06;18.3;-1;17;-1;-1;-1;22;4;12;12;54;33;;;;;;-1;;;;;-1;-1;;
23842000;0.76;0.9;18;-1;17;-1;-1;-1;22;4;12;12;55;35;;;;;;-1;;;;;-1;-1;;
24024000;1.11;1.3;17.8;-1;17;-1;-1;-1;22;4;12;12;56;37;;;;;;-1;;;;;-1;-1;;
24206000;1;1.16;17.5;-1;17;-1;-1;-1;22;4;12;12;57;39;;;;;;-1;;;;;-1;-1;;
24388000;0.86;1.01;17.3;-1;17;-1;-1;-1;22;4;12;12;58;41;;;;;;-1;;;;;-1;-1;;
24570000;0.96;1.12;17.1;-1;17;-1;-1;-1;22;4;12;12;59;43;;;;;;-1;;;;;-1;-1;;
24752000;0.64;0.71;15.4;-1;17;-1;-1;-1;22;4;12;13;12;7;;;;;;-1;;;;;-1;-1;;
24934000;0.72;0.8;15.3;-1;17;-1;-1;-1;22;4;12;13;13;9;;;;;;-1;;;;;-1;-1;;
25116000;0.76;0.85;15.2;-1;17;-1;-1;-1;22;4;12;13;14;11;;;;;;-1;;;;;-1;-1;;
25298000;0.64;0.71;15.1;-1;17;-1;-1;-1;22;4;12;13;15;13;;;;;;-1;;;;;-1;-1;;
25480000;0.58;0.64;15;-1;17;-1;-1;-1;22;4;12;13;16;15;;;;;;-1;;;;;-1;-1;;
25662000;0.95;1.05;14.9;-1;17;-1;-1;-1;22;4;12;13;17;17;;;;;;-1;;;;;-1;-1;;
25844000;0.63;0.69;14.8;-1;18;-1;-1;-1;22;4;12;13;18;19;;;;;;-1;;;;;-1;-1;;
26026000;0.89;0.99;14.8;-1;18;-1;-1;-1;22;4;12;13;19;20;;;;;;-1;;;;;-1;-1;;
26208000;0.58;0.64;14.7;-1;18;-1;-1;-1;22;4;12;13;20;21;;;;;;-1;;;;;-1;-1;;
26390000;0.69;0.77;14.6;-1;18;-1;-1;-1;22;4;12;13;21;22;;;;;;-1;;;;;-1;-1;;
26572000;1.12;1.22;14.6;-1;18;-1;-1;-1;22;4;12;13;22;23;;;;;;-1;;;;;-1;-1;;
26754000;0.63;0.68;14.1;-1;18;-1;-1;-1;22;4;12;13;34;35;;;;;;-1;;;;;-1;-1;;
26936000;0.66;0.71;14;-1;18;-1;-1;-1;22;4;12;13;35;36;;;;;;-1;;;;;-1;-1;;
27118000;0.72;0.78;14;-1;18;-1;-1;-1;22;4;12;13;36;37;;;;;;-1;;;;;-1;-1;;
27300000;0.77;0.82;13.9;-1;18;-1;-1;-1;22;4;12;13;37;38;;;;;;-1;;;;;-1;-1;;
27482000;0.89;0.96;13.9;-1;18;-1;-1;-1;22;4;12;13;38;39;;;;;;-1;;;;;-1;-1;;
27664000;0.96;1.03;13.8;-1;18;-1;-1;-1;22;4;12;13;39;40;;;;;;-1;;;;;-1;-1;;
27846000;0.77;0.83;13.8;-1;18;-1;-1;-1;22;4;12;13;40;41;;;;;;-1;;;;;-1;-1;;
28028000;1.06;1.13;13.8;-1;18;-1;-1;-1;22;4;12;13;41;42;;;;;;-1;;;;;-1;-1;;
28210000;0.8;0.86;13.7;-1;18;-1;-1;-1;22;4;12;13;42;43;;;;;;-1;;;;;-1;-1;;
28392000;0.98;1.05;13.7;-1;18;-1;-1;-1;22;4;12;13;43;44;;;;;;-1;;;;;-1;-1;;
28574000;0.86;0.92;13.6;-1;18;-1;-1;-1;22;4;12;13;44;45;;;;;;-1;;;;;-1;-1;;
28756000;0.73;0.77;13.3;-1;19;-1;-1;-1;22;4;12;13;55;57;;;;;;-1;;;;;-1;-1;;
28938000;0.54;0.57;13.3;-1;19;-1;-1;-1;22;4;12;13;56;58;;;;;;-1;;;;;-1;-1;;
29120000;0.76;0.8;13.3;-1;19;-1;-1;-1;22;4;12;13;57;59;;;;;;-1;;;;;-1;-1;;
29302000;0.6;0.63;13.2;-1;19;-1;-1;-1;22;4;12;13;59;0;;;;;;-1;;;;;-1;-1;;
29484000;0.87;0.92;13.2;-1;19;-1;-1;-1;22;4;12;14;0;1;;;;;;-1;;;;;-1;-1;;
29666000;0.66;0.7;13.2;-1;19;-1;-1;-1;22;4;12;14;1;2;;;;;;-1;;;;;-1;-1;;
29848000;0.49;0.52;13.2;-1;19;-1;-1;-1;22;4;12;14;2;3;;;;;;-1;;;;;-1;-1;;
30030000;0.65;0.68;13.1;-1;19;-1;-1;-1;22;4;12;14;3;4;;;;;;-1;;;;;-1;-1;;
30212000;0.77;0.81;13.1;-1;19;-1;-1;-1;22;4;12;14;4;5;;;;;;-1;;;;;-1;-1;;
30394000;0.78;0.83;13.1;-1;19;-1;-1;-1;22;4;12;14;5;6;;;;;;-1;;;;;-1;-1;;
30576000;0.82;0.87;13.1;-1;19;-1;-1;-1;22;4;12;14;6;7;;;;;;-1;;;;;-1;-1;;
30758000;0.55;0.58;13.1;-1;19;-1;-1;-1;22;4;12;14;7;8;;;;;;-1;;;;;-1;-1;;
30940000;0.69;0.73;13.1;-1;19;-1;-1;-1;22;4;12;14;8;10;;;;;;-1;;;;;-1;-1;;
31122000;0.66;0.7;13.1;-1;19;-1;-1;-1;22;4;12;14;9;11;;;;;;-1;;;;;-1;-1;;
31304000;0.6;0.64;13.1;-1;19;-1;-1;-1;22;4;12;14;10;12;;;;;;-1;;;;;-1;-1;;
31486000;0.74;0.78;13.1;-1;19;-1;-1;-1;22;4;12;14;11;13;;;;;;-1;;;;;-1;-1;;
31668000;0.81;0.85;13.1;-1;19;-1;-1;-1;22;4;12;14;12;14;;;;;;-1;;;;;-1;-1;;
31850000;0.91;0.95;13.1;-1;19;-1;-1;-1;22;4;12;14;13;15;;;;;;-1;;;;;-1;-1;;
32032000;0.58;0.61;13.1;-1;19;-1;-1;-1;22;4;12;14;14;16;;;;;;-1;;;;;-1;-1;;
32214000;0.89;0.93;13.1;-1;19;-1;-1;-1;22;4;12;14;15;17;;;;;;-1;;;;;-1;-1;;
32396000;0.54;0.56;13;-1;19;-1;-1;-1;22;4;12;14;16;18;;;;;;-1;;;;;-1;-1;;
32578000;0.68;0.71;13;-1;19;-1;-1;-1;22;4;12;14;17;19;;;;;;-1;;;;;-1;-1;;
32760000;0.9;0.94;13;-1;19;-1;-1;-1;22;4;12;14;18;20;;;;;;-1;;;;;-1;-1;;
32942000;0.88;0.92;13;-1;19;-1;-1;-1;22;4;12;14;19;22;;;;;;-1;;;;;-1;-1;;
33124000;0.69;0.72;13;-1;19;-1;-1;-1;22;4;12;14;20;23;;;;;;-1;;;;;-1;-1;;
33306000;0.63;0.66;13;-1;19;-1;-1;-1;22;4;12;14;21;24;;;;;;-1;;;;;-1;-1;;
33488000;0.59;0.62;13;-1;19;-1;-1;-1;22;4;12;14;22;25;;;;;;-1;;;;;-1;-1;;
33670000;0.54;0.56;13;-1;19;-1;-1;-1;22;4;12;14;23;26;;;;;;-1;;;;;-1;-1;;
33852000;0.61;0.63;13;-1;20;-1;-1;-1;22;4;12;14;24;27;;;;;;-1;;;;;-1;-1;;
34034000;0.71;0.73;13;-1;20;-1;-1;-1;22;4;12;14;25;28;;;;;;-1;;;;;-1;-1;;
34216000;0.84;0.87;12.9;-1;20;-1;-1;-1;22;4;12;14;26;29;;;;;;-1;;;;;-1;-1;;
34398000;0.63;0.65;12.9;-1;20;-1;-1;-1;22;4;12;14;27;30;;;;;;-1;;;;;-1;-1;;
34580000;0.81;0.84;12.9;-1;20;-1;-1;-1;22;4;12;14;28;31;;;;;;-1;;;;;-1;-1;;
34762000;0.68;0.7;12.9;-1;20;-1;-1;-1;22;4;12;14;29;32;;;;;;-1;;;;;-1;-1;;
34944000;0.56;0.58;12.9;-1;20;-1;-1;-1;22;4;12;14;30;34;;;;;;-1;;;;;-1;-1;;
35126000;0.3;0.31;12.9;-1;20;-1;-1;-1;22;4;12;14;31;35;;;;;;-1;;;;;-1;-1;;
35308000;0.53;0.55;12.9;-1;20;-1;-1;-1;22;4;12;14;32;36;;;;;;-1;;;;;-1;-1;;
35490000;0.72;0.75;12.9;-1;20;-1;-1;-1;22;4;12;14;33;37;;;;;;-1;;;;;-1;-1;;
35672000;1.09;1.14;12.9;-1;20;-1;-1;-1;22;4;12;14;34;38;;;;;;-1;;;;;-1;-1;;
35854000;0.83;0.86;12.9;-1;20;-1;-1;-1;22;4;12;14;35;39;;;;;;-1;;;;;-1;-1;;
36036000;0.6;0.63;12.9;-1;20;-1;-1;-1;22;4;12;14;36;40;;;;;;-1;;;;;-1;-1;;
36218000;0.63;0.66;12.8;-1;20;-1;-1;-1;22;4;12;14;37;41;;;;;;-1;;;;;-1;-1;;
36400000;1.08;1.14;12.8;-1;20;-1;-1;-1;22;4;12;14;38;42;;;;;;-1;;;;;-1;-1;;
36582000;1.12;1.18;12.8;-1;20;-1;-1;-1;22;4;12;14;39;43;;;;;;-1;;;;;-1;-1;;
36764000;1.19;1.26;12.8;-1;20;-1;-1;-1;22;4;12;14;40;44;;;;;;-1;;;;;-1;-1;;
36946000;0.92;0.96;12.8;-1;20;-1;-1;-1;22;4;12;14;41;46;;;;;;-1;;;;;-1;-1;;
37128000;1.1;1.15;12.8;-1;20;-1;-1;-1;22;4;12;14;42;47;;;;;;-1;;;;;-1;-1;;
37310000;0.81;0.84;12.8;-1;20;-1;-1;-1;22;4;12;14;43;48;;;;;;-1;;;;;-1;-1;;
37492000;1.1;1.15;12.7;-1;20;-1;-1;-1;22;4;12;14;44;49;;;;;;-1;;;;;-1;-1;;
37674000;0.84;0.87;12.8;-1;20;-1;-1;-1;22;4;12;14;45;50;;;;;;-1;;;;;-1;-1;;
37856000;0.86;0.91;12.8;-1;20;-1;-1;-1;22;4;12;14;46;51;;;;;;-1;;;;;-1;-1;;
38038000;0.74;0.78;12.8;-1;20;-1;-1;-1;22;4;12;14;47;52;;;;;;-1;;;;;-1;-1;;
38220000;1.12;1.17;12.8;-1;20;-1;-1;-1;22;4;12;14;48;53;;;;;;-1;;;;;-1;-1;;
38402000;1.08;1.14;12.7;-1;20;-1;-1;-1;22;4;12;14;49;54;;;;;;-1;;;;;-1;-1;;
38584000;0.59;0.63;12.7;-1;21;-1;-1;-1;22;4;12;14;50;55;;;;;;-1;;;;;-1;-1;;
38766000;1.16;1.23;12.7;-1;21;-1;-1;-1;22;4;12;14;51;56;;;;;;-1;;;;;-1;-1;;
38948000;0.9;0.95;12.7;-1;21;-1;-1;-1;22;4;12;14;52;58;;;;;;-1;;;;;-1;-1;;
39130000;0.64;0.68;12.7;-1;21;-1;-1;-1;22;4;12;14;53;59;;;;;;-1;;;;;-1;-1;;
39312000;1.04;1.1;12.7;-1;21;-1;-1;-1;22;4;12;14;55;0;;;;;;-1;;;;;-1;-1;;
39494000;0.77;0.8;12.7;-1;21;-1;-1;-1;22;4;12;14;56;1;;;;;;-1;;;;;-1;-1;;
39676000;0.97;1.01;12.7;-1;21;-1;-1;-1;22;4;12;14;57;2;;;;;;-1;;;;;-1;-1;;
39858000;1.04;1.07;12.7;-1;21;-1;-1;-1;22;4;12;14;58;3;;;;;;-1;;;;;-1;-1;;
40040000;0.84;0.87;12.7;-1;21;-1;-1;-1;22;4;12;14;59;4;;;;;;-1;;;;;-1;-1;;
40222000;1.11;1.15;12.7;-1;21;-1;-1;-1;22;4;12;15;0;5;;;;;;-1;;;;;-1;-1;;
40404000;0.86;0.89;12.7;-1;21;-1;-1;-1;22;4;12;15;1;6;;;;;;-1;;;;;-1;-1;;
40586000;1.19;1.24;12.7;-1;21;-1;-1;-1;22;4;12;15;2;7;;;;;;-1;;;;;-1;-1;;
40768000;1.01;1.07;12.7;-1;21;-1;-1;-1;22;4;12;15;3;8;;;;;;-1;;;;;-1;-1;;
40950000;0.76;0.8;12.8;-1;21;-1;-1;-1;22;4;12;15;4;10;;;;;;-1;;;;;-1;-1;;
41132000;1.04;1.1;12.7;-1;21;-1;-1;-1;22;4;12;15;5;11;;;;;;-1;;;;;-1;-1;;
41314000;0.85;0.9;12.8;-1;21;-1;-1;-1;22;4;12;15;6;12;;;;;;-1;;;;;-1;-1;;
41496000;0.95;1;12.8;-1;21;-1;-1;-1;22;4;12;15;7;13;;;;;;-1;;;;;-1;-1;;
41678000;1.51;1.58;12.8;-1;21;-1;-1;-1;22;4;12;15;8;14;;;;;;-1;;;;;-1;-1;;
41860000;1.25;1.3;12.8;-1;21;-1;-1;-1;22;4;12;15;9;15;;;;;;-1;;;;;-1;-1;;
42042000;0.92;0.96;12.8;-1;22;-1;-1;-1;22;4;12;15;10;16;;;;;;-1;;;;;-1;-1;;
42224000;0.87;0.9;12.8;-1;22;-1;-1;-1;22;4;12;15;11;17;;;;;;-1;;;;;-1;-1;;
42406000;1.06;1.11;12.8;-1;22;-1;-1;-1;22;4;12;15;12;18;;;;;;-1;;;;;-1;-1;;
42588000;0.81;0.84;12.8;-1;22;-1;-1;-1;22;4;12;15;13;19;;;;;;-1;;;;;-1;-1;;
42770000;0.73;0.76;12.8;-1;22;-1;-1;-1;22;4;12;15;14;20;;;;;;-1;;;;;-1;-1;;
42952000;0.61;0.64;12.8;-1;22;-1;-1;-1;22;4;12;15;15;22;;;;;;-1;;;;;-1;-1;;
43134000;0.86;0.89;12.8;-1;22;-1;-1;-1;22;4;12;15;16;23;;;;;;-1;;;;;-1;-1;;
43316000;0.9;0.94;12.8;-1;22;-1;-1;-1;22;4;12;15;17;24;;;;;;-1;;;;;-1;-1;;
43498000;0.64;0.67;12.7;-1;22;-1;-1;-1;22;4;12;15;18;25;;;;;;-1;;;;;-1;-1;;
43680000;1.01;1.06;12.7;-1;22;-1;-1;-1;22;4;12;15;19;26;;;;;;-1;;;;;-1;-1;;
43862000;0.87;0.91;12.7;-1;22;-1;-1;-1;22;4;12;15;20;27;;;;;;-1;;;;;-1;-1;;
44044000;1.12;1.18;12.7;-1;22;-1;-1;-1;22;4;12;15;21;28;;;;;;-1;;;;;-1;-1;;
44226000;0.74;0.78;12.7;-1;22;-1;-1;-1;22;4;12;15;22;29;;;;;;-1;;;;;-1;-1;;
44408000;1.23;1.3;12.7;-1;22;-1;-1;-1;22;4;12;15;23;30;;;;;;-1;;;;;-1;-1;;
44590000;0.75;0.79;12.7;-1;22;-1;-1;-1;22;4;12;15;24;31;;;;;;-1;;;;;-1;-1;;
44772000;0.68;0.71;12.7;-1;22;-1;-1;-1;22;4;12;15;25;32;;;;;;-1;;;;;-1;-1;;
44954000;1.08;1.11;12.6;-1;22;-1;-1;-1;22;4;12;15;33;41;;;;;;-1;;;;;-1;-1;;
45136000;1.02;1.04;12.6;-1;22;-1;-1;-1;22;4;12;15;34;42;;;;;;-1;;;;;-1;-1;;
45318000;0.76;0.78;12.5;-1;22;-1;-1;-1;22;4;12;15;35;43;;;;;;-1;;;;;-1;-1;;
45500000;0.92;0.94;12.5;-1;22;-1;-1;-1;22;4;12;15;36;44;;;;;;-1;;;;;-1;-1;;
45682000;0.99;1.01;12.5;-1;22;-1;-1;-1;22;4;12;15;37;46;;;;;;-1;;;;;-1;-1;;
45864000;1.25;1.29;12.5;-1;22;-1;-1;-1;22;4;12;15;38;47;;;;;;-1;;;;;-1;-1;;
46046000;0.88;0.9;12.5;-1;22;-1;-1;-1;22;4;12;15;39;48;;;;;;-1;;;;;-1;-1;;
46228000;0.8;0.82;12.5;-1;22;-1;-1;-1;22;4;12;15;40;49;;;;;;-1;;;;;-1;-1;;
46410000;0.79;0.81;12.5;-1;22;-1;-1;-1;22;4;12;15;41;50;;;;;;-1;;;;;-1;-1;;
46592000;1.13;1.16;12.5;-1;23;-1;-1;-1;22;4;12;15;42;51;;;;;;-1;;;;;-1;-1;;
46774000;0.72;0.74;12.5;-1;23;-1;-1;-1;22;4;12;15;43;52;;;;;;-1;;;;;-1;-1;;
46956000;1;1.02;12.5;-1;23;-1;-1;-1;22;4;12;15;44;53;;;;;;-1;;;;;-1;-1;;
47138000;0.97;0.99;12.5;-1;23;-1;-1;-1;22;4;12;15;45;54;;;;;;-1;;;;;-1;-1;;
47320000;1;1.02;12.5;-1;23;-1;-1;-1;22;4;12;15;46;55;;;;;;-1;;;;;-1;-1;;
47502000;0.94;0.95;12.5;-1;23;-1;-1;-1;22;4;12;15;47;56;;;;;;-1;;;;;-1;-1;;
47684000;0.98;0.99;12.5;-1;23;-1;-1;-1;22;4;12;15;48;58;;;;;;-1;;;;;-1;-1;;
47866000;0.85;0.86;12.5;-1;23;-1;-1;-1;22;4;12;15;49;59;;;;;;-1;;;;;-1;-1;;
48048000;0.83;0.84;12.5;-1;23;-1;-1;-1;22;4;12;15;51;0;;;;;;-1;;;;;-1;-1;;
48230000;0.99;1;12.5;-1;23;-1;-1;-1;22;4;12;15;52;1;;;;;;-1;;;;;-1;-1;;
48412000;0.84;0.85;12.5;-1;23;-1;-1;-1;22;4;12;15;53;2;;;;;;-1;;;;;-1;-1;;
48594000;0.7;0.71;12.5;-1;23;-1;-1;-1;22;4;12;15;54;3;;;;;;-1;;;;;-1;-1;;
48776000;0.74;0.76;12.6;-1;23;-1;-1;-1;22;4;12;15;55;4;;;;;;-1;;;;;-1;-1;;
48958000;1.09;1.12;12.6;-1;23;-1;-1;-1;22;4;12;15;56;5;;;;;;-1;;;;;-1;-1;;
49140000;0.92;0.94;12.6;-1;23;-1;-1;-1;22;4;12;15;57;6;;;;;;-1;;;;;-1;-1;;
49322000;1.33;1.37;12.6;-1;23;-1;-1;-1;22;4;12;15;58;7;;;;;;-1;;;;;-1;-1;;
49504000;0.89;0.92;12.6;-1;23;-1;-1;-1;22;4;12;15;59;8;;;;;;-1;;;;;-1;-1;;
49686000;0.82;0.84;12.6;-1;23;-1;-1;-1;22;4;12;16;0;10;;;;;;-1;;;;;-1;-1;;
49868000;1.16;1.19;12.6;-1;23;-1;-1;-1;22;4;12;16;1;12;;;;;;-1;;;;;-1;-1;;
50050000;0.81;0.83;12.6;-1;23;-1;-1;-1;22;4;12;16;2;14;;;;;;-1;;;;;-1;-1;;
50232000;0.81;0.83;12.6;-1;23;-1;-1;-1;22;4;12;16;3;16;;;;;;-1;;;;;-1;-1;;
50414000;0.95;0.98;12.6;-1;23;-1;-1;-1;22;4;12;16;4;18;;;;;;-1;;;;;-1;-1;;
50596000;0.92;0.95;12.6;-1;23;-1;-1;-1;22;4;12;16;5;20;;;;;;-1;;;;;-1;-1;;
50778000;1.12;1.15;12.6;-1;23;-1;-1;-1;22;4;12;16;6;22;;;;;;-1;;;;;-1;-1;;
50960000;0.99;1.02;12.6;-1;23;-1;-1;-1;22;4;12;16;7;24;;;;;;-1;;;;;-1;-1;;
51142000;1.01;1.05;12.6;-1;23;-1;-1;-1;22;4;12;16;8;26;;;;;;-1;;;;;-1;-1;;
51324000;0.79;0.81;12.6;-1;23;-1;-1;-1;22;4;12;16;9;28;;;;;;-1;;;;;-1;-1;;
51506000;1.15;1.19;12.6;-1;23;-1;-1;-1;22;4;12;16;10;30;;;;;;-1;;;;;-1;-1;;
51688000;0.9;0.92;12.6;-1;23;-1;-1;-1;22;4;12;16;11;32;;;;;;-1;;;;;-1;-1;;
51870000;1.23;1.27;12.6;-1;23;-1;-1;-1;22;4;12;16;12;34;;;;;;-1;;;;;-1;-1;;
52052000;0.72;0.75;12.6;-1;23;-1;-1;-1;22;4;12;16;13;36;;;;;;-1;;;;;-1;-1;;
52234000;0.92;0.94;12.5;-1;23;-1;-1;-1;22;4;12;16;14;38;;;;;;-1;;;;;-1;-1;;
52416000;1.84;1.9;12.5;-1;23;-1;-1;-1;22;4;12;16;15;40;;;;;;-1;;;;;-1;-1;;
52598000;0.94;0.96;12.5;-1;23;-1;-1;-1;22;4;12;16;16;42;;;;;;-1;;;;;-1;-1;;
52780000;1.81;1.85;12.5;-1;23;-1;-1;-1;22;4;12;16;17;44;;;;;;-1;;;;;-1;-1;;
52962000;1.11;1.11;12.5;-1;23;-1;-1;-1;22;4;12;16;18;46;;;;;;-1;;;;;-1;-1;;
53144000;0.91;0.91;12.5;-1;23;-1;-1;-1;22;4;12;16;19;48;;;;;;-1;;;;;-1;-1;;
53326000;0.97;0.98;12.5;-1;23;-1;-1;-1;22;4;12;16;20;50;;;;;;-1;;;;;-1;-1;;
53508000;0.85;0.86;12.5;-1;23;-1;-1;-1;22;4;12;16;21;52;;;;;;-1;;;;;-1;-1;;
53690000;1;1.03;12.5;-1;23;-1;-1;-1;22;4;12;16;30;8;;;;;;-1;;;;;-1;-1;;
53872000;0.95;0.98;12.5;-1;23;-1;-1;-1;22;4;12;16;31;10;;;;;;-1;;;;;-1;-1;;
54054000;1.13;1.16;12.5;-1;23;-1;-1;-1;22;4;12;16;32;12;;;;;;-1;;;;;-1;-1;;
54236000;1.27;1.32;12.5;-1;24;-1;-1;-1;22;4;12;16;33;14;;;;;;-1;;;;;-1;-1;;
54418000;1.14;1.18;12.5;-1;24;-1;-1;-1;22;4;12;16;34;16;;;;;;-1;;;;;-1;-1;;
54600000;0.9;0.94;12.5;-1;24;-1;-1;-1;22;4;12;16;35;18;;;;;;-1;;;;;-1;-1;;
54782000;0.89;0.92;12.5;-1;24;-1;-1;-1;22;4;12;16;36;20;;;;;;-1;;;;;-1;-1;;
54964000;1.2;1.26;12.5;-1;24;-1;-1;-1;22;4;12;16;37;22;;;;;;-1;;;;;-1;-1;;
55146000;0.76;0.79;12.5;-1;24;-1;-1;-1;22;4;12;16;38;24;;;;;;-1;;;;;-1;-1;;
55328000;0.78;0.82;12.5;-1;24;-1;-1;-1;22;4;12;16;39;26;;;;;;-1;;;;;-1;-1;;
55510000;1.18;1.24;12.5;-1;24;-1;-1;-1;22;4;12;16;40;28;;;;;;-1;;;;;-1;-1;;
55692000;1.4;1.47;12.5;-1;24;-1;-1;-1;22;4;12;16;41;30;;;;;;-1;;;;;-1;-1;;
55874000;1.04;1.1;12.5;-1;24;-1;-1;-1;22;4;12;16;42;32;;;;;;-1;;;;;-1;-1;;
56056000;1.09;1.15;12.5;-1;24;-1;-1;-1;22;4;12;16;43;34;;;;;;-1;;;;;-1;-1;;
56238000;1.35;1.43;12.5;-1;24;-1;-1;-1;22;4;12;16;44;36;;;;;;-1;;;;;-1;-1;;
56420000;1.3;1.39;12.5;-1;24;-1;-1;-1;22;4;12;16;45;38;;;;;;-1;;;;;-1;-1;;
56602000;1.32;1.42;12.5;-1;24;-1;-1;-1;22;4;12;16;46;40;;;;;;-1;;;;;-1;-1;;
56784000;1.39;1.49;12.6;-1;24;-1;-1;-1;22;4;12;16;47;42;;;;;;-1;;;;;-1;-1;;
56966000;1.16;1.25;12.6;-1;24;-1;-1;-1;22;4;12;16;48;44;;;;;;-1;;;;;-1;-1;;
57148000;1.65;1.77;12.6;-1;24;-1;-1;-1;22;4;12;16;49;46;;;;;;-1;;;;;-1;-1;;
57330000;1.41;1.5;12.6;-1;24;-1;-1;-1;22;4;12;16;50;48;;;;;;-1;;;;;-1;-1;;
57512000;1.9;2.02;12.6;-1;24;-1;-1;-1;22;4;12;16;51;50;;;;;;-1;;;;;-1;-1;;
57694000;1.82;1.92;12.6;-1;24;-1;-1;-1;22;4;12;16;52;52;;;;;;-1;;;;;-1;-1;;
57876000;1.66;1.74;12.6;-1;24;-1;-1;-1;22;4;12;16;53;54;;;;;;-1;;;;;-1;-1;;
58058000;1.94;2.02;12.6;-1;24;-1;-1;-1;22;4;12;16;54;56;;;;;;-1;;;;;-1;-1;;
58240000;1.49;1.55;12.6;-1;24;-1;-1;-1;22;4;12;16;55;58;;;;;;-1;;;;;-1;-1;;
58422000;1.98;2.06;12.6;-1;24;-1;-1;-1;22;4;12;16;57;0;;;;;;-1;;;;;-1;-1;;
58604000;1.37;1.42;12.6;-1;24;-1;-1;-1;22;4;12;16;58;2;;;;;;-1;;;;;-1;-1;;
58786000;1.3;1.36;12.6;-1;24;-1;-1;-1;22;4;12;16;59;4;;;;;;-1;;;;;-1;-1;;
58968000;1.03;1.07;12.6;-1;24;-1;-1;-1;22;4;12;17;0;6;;;;;;-1;;;;;-1;-1;;
59150000;1.38;1.44;12.6;-1;24;-1;-1;-1;22;4;12;17;1;8;;;;;;-1;;;;;-1;-1;;
59332000;1.43;1.49;12.5;-1;24;-1;-1;-1;22;4;12;17;2;10;;;;;;-1;;;;;-1;-1;;
59514000;1;1.04;12.5;-1;24;-1;-1;-1;22;4;12;17;3;12;;;;;;-1;;;;;-1;-1;;
59696000;1.22;1.29;12.5;-1;24;-1;-1;-1;22;4;12;17;4;14;;;;;;-1;;;;;-1;-1;;
59878000;1.38;1.45;12.5;-1;24;-1;-1;-1;22;4;12;17;5;16;;;;;;-1;;;;;-1;-1;;
60060000;1.78;1.87;12.5;-1;24;-1;-1;-1;22;4;12;17;6;18;;;;;;-1;;;;;-1;-1;;
60242000;1.48;1.55;12.5;-1;24;-1;-1;-1;22;4;12;17;7;20;;;;;;-1;;;;;-1;-1;;
60424000;1.27;1.33;12.5;-1;24;-1;-1;-1;22;4;12;17;8;22;;;;;;-1;;;;;-1;-1;;
60606000;1.74;1.85;12.5;-1;24;-1;-1;-1;22;4;12;17;9;24;;;;;;-1;;;;;-1;-1;;
60788000;1.82;1.94;12.5;-1;24;-1;-1;-1;22;4;12;17;10;26;;;;;;-1;;;;;-1;-1;;
60970000;1.49;1.58;12.4;-1;24;-1;-1;-1;22;4;12;17;11;28;;;;;;-1;;;;;-1;-1;;
61152000;1.33;1.41;12.4;-1;24;-1;-1;-1;22;4;12;17;12;30;;;;;;-1;;;;;-1;-1;;
61334000;1.89;1.98;12.4;-1;24;-1;-1;-1;22;4;12;17;13;32;;;;;;-1;;;;;-1;-1;;
61516000;1.64;1.7;12.4;-1;24;-1;-1;-1;22;4;12;17;14;34;;;;;;-1;;;;;-1;-1;;
61698000;2.02;2.11;12.4;-1;24;-1;-1;-1;22;4;12;17;15;36;;;;;;-1;;;;;-1;-1;;
61880000;1.71;1.78;12.4;-1;24;-1;-1;-1;22;4;12;17;16;38;;;;;;-1;;;;;-1;-1;;
62062000;1.83;1.9;12.4;-1;24;-1;-1;-1;22;4;12;17;17;40;;;;;;-1;;;;;-1;-1;;
62244000;2.51;2.61;12.4;-1;24;-1;-1;-1;22;4;12;17;18;42;;;;;;-1;;;;;-1;-1;;
62426000;8.77;9;12.4;-1;25;-1;-1;-1;22;4;12;17;19;44;;;;;;-1;;;;;-1;-1;;
62608000;4.24;4.33;12.4;-1;25;-1;-1;-1;22;4;12;17;20;46;;;;;;-1;;;;;-1;-1;;
62790000;1.99;2.04;12.4;-1;25;-1;-1;-1;22;4;12;17;21;48;;;;;;-1;;;;;-1;-1;;
62972000;1.48;1.52;12.4;-1;25;-1;-1;-1;22;4;12;17;22;50;;;;;;-1;;;;;-1;-1;;
63154000;1.6;1.65;12.4;-1;25;-1;-1;-1;22;4;12;17;23;52;;;;;;-1;;;;;-1;-1;;
63336000;1.82;1.88;12.4;-1;25;-1;-1;-1;22;4;12;17;24;54;;;;;;-1;;;;;-1;-1;;
63518000;1.59;1.64;12.4;-1;25;-1;-1;-1;22;4;12;17;25;56;;;;;;-1;;;;;-1;-1;;
63700000;0.98;1.01;12.4;-1;25;-1;-1;-1;22;4;12;17;26;58;;;;;;-1;;;;;-1;-1;;
63882000;1.49;1.53;12.4;-1;25;-1;-1;-1;22;4;12;17;28;0;;;;;;-1;;;;;-1;-1;;
64064000;1.32;1.35;12.4;-1;25;-1;-1;-1;22;4;12;17;29;2;;;;;;-1;;;;;-1;-1;;
64246000;2.35;2.41;12.5;-1;25;-1;-1;-1;22;4;12;17;30;4;;;;;;-1;;;;;-1;-1;;
64428000;1.53;1.57;12.5;-1;25;-1;-1;-1;22;4;12;17;31;6;;;;;;-1;;;;;-1;-1;;
64610000;1.39;1.43;12.5;-1;25;-1;-1;-1;22;4;12;17;32;8;;;;;;-1;;;;;-1;-1;;
64792000;1.45;1.49;12.5;-1;25;-1;-1;-1;22;4;12;17;33;10;;;;;;-1;;;;;-1;-1;;
64974000;1.33;1.37;12.5;-1;25;-1;-1;-1;22;4;12;17;34;12;;;;;;-1;;;;;-1;-1;;
65156000;1.67;1.72;12.5;-1;25;-1;-1;-1;22;4;12;17;35;14;;;;;;-1;;;;;-1;-1;;
65338000;1.66;1.71;12.5;-1;25;-1;-1;-1;22;4;12;17;36;16;;;;;;-1;;;;;-1;-1;;
65520000;2.01;2.08;12.5;-1;25;-1;-1;-1;22;4;12;17;37;18;;;;;;-1;;;;;-1;-1;;
65702000;1.69;1.76;12.5;-1;25;-1;-1;-1;22;4;12;17;38;20;;;;;;-1;;;;;-1;-1;;
65884000;1.56;1.62;12.5;-1;25;-1;-1;-1;22;4;12;17;39;22;;;;;;-1;;;;;-1;-1;;
66066000;1.27;1.32;12.5;-1;25;-1;-1;-1;22;4;12;17;40;24;;;;;;-1;;;;;-1;-1;;
66248000;1.83;1.91;12.4;-1;25;-1;-1;-1;22;4;12;17;41;26;;;;;;-1;;;;;-1;-1;;
66430000;1.68;1.75;12.4;-1;25;-1;-1;-1;22;4;12;17;42;28;;;;;;-1;;;;;-1;-1;;
66612000;1.32;1.38;12.4;-1;25;-1;-1;-1;22;4;12;17;43;30;;;;;;-1;;;;;-1;-1;;
66794000;1.61;1.69;12.4;-1;25;-1;-1;-1;22;4;12;17;44;32;;;;;;-1;;;;;-1;-1;;
66976000;1.72;1.8;12.4;-1;25;-1;-1;-1;22;4;12;17;45;34;;;;;;-1;;;;;-1;-1;;
67158000;1.14;1.2;12.4;-1;25;-1;-1;-1;22;4;12;17;46;36;;;;;;-1;;;;;-1;-1;;
67340000;1.39;1.46;12.4;-1;25;-1;-1;-1;22;4;12;17;47;38;;;;;;-1;;;;;-1;-1;;
67522000;1.55;1.65;12.4;-1;25;-1;-1;-1;22;4;12;17;48;40;;;;;;-1;;;;;-1;-1;;
67704000;1.55;1.65;12.4;-1;25;-1;-1;-1;22;4;12;17;49;42;;;;;;-1;;;;;-1;-1;;
67886000;1.16;1.23;12.4;-1;25;-1;-1;-1;22;4;12;17;50;44;;;;;;-1;;;;;-1;-1;;
68068000;1.01;1.07;12.4;-1;25;-1;-1;-1;22;4;12;17;51;46;;;;;;-1;;;;;-1;-1;;
68250000;1.75;1.86;12.4;-1;25;-1;-1;-1;22;4;12;17;52;48;;;;;;-1;;;;;-1;-1;;
68432000;1.56;1.66;12.4;-1;25;-1;-1;-1;22;4;12;17;53;50;;;;;;-1;;;;;-1;-1;;
68614000;1.8;1.92;12.4;-1;25;-1;-1;-1;22;4;12;17;54;52;;;;;;-1;;;;;-1;-1;;
68796000;1.62;1.72;12.3;-1;25;-1;-1;-1;22;4;12;17;55;54;;;;;;-1;;;;;-1;-1;;
68978000;1.82;1.91;12.3;-1;25;-1;-1;-1;22;4;12;17;56;56;;;;;;-1;;;;;-1;-1;;
69160000;1.71;1.79;12.3;-1;25;-1;-1;-1;22;4;12;17;57;58;;;;;;-1;;;;;-1;-1;;
69342000;1.65;1.72;12.3;-1;26;-1;-1;-1;22;4;12;17;59;0;;;;;;-1;;;;;-1;-1;;
69524000;1.57;1.64;12.3;-1;26;-1;-1;-1;22;4;12;18;0;2;;;;;;-1;;;;;-1;-1;;
69706000;1.83;1.91;12.3;-1;26;-1;-1;-1;22;4;12;18;1;4;;;;;;-1;;;;;-1;-1;;
69888000;1.9;1.99;12.3;-1;26;-1;-1;-1;22;4;12;18;2;6;;;;;;-1;;;;;-1;-1;;
70070000;1.94;2.03;12.3;-1;26;-1;-1;-1;22;4;12;18;3;8;;;;;;-1;;;;;-1;-1;;
70252000;2.1;2.19;12.3;-1;26;-1;-1;-1;22;4;12;18;4;10;;;;;;-1;;;;;-1;-1;;
70434000;1.95;2.01;12.3;-1;26;-1;-1;-1;22;4;12;18;5;12;;;;;;-1;;;;;-1;-1;;
70616000;2.25;2.33;12.3;-1;26;-1;-1;-1;22;4;12;18;6;14;;;;;;-1;;;;;-1;-1;;
70798000;2.2;2.28;12.3;-1;26;-1;-1;-1;22;4;12;18;7;16;;;;;;-1;;;;;-1;-1;;
70980000;2.22;2.3;12.2;-1;26;-1;-1;-1;22;4;12;18;8;18;;;;;;-1;;;;;-1;-1;;
71162000;2.23;2.31;12.2;-1;26;-1;-1;-1;22;4;12;18;9;19;;;;;;-1;;;;;-1;-1;;
71344000;1.57;1.63;12.2;-1;26;-1;-1;-1;22;4;12;18;10;21;;;;;;-1;;;;;-1;-1;;
71526000;1.36;1.41;12.2;-1;26;-1;-1;-1;22;4;12;18;11;22;;;;;;-1;;;;;-1;-1;;
71708000;2.1;2.17;12.2;-1;26;-1;-1;-1;22;4;12;18;12;24;;;;;;-1;;;;;-1;-1;;
71890000;2.19;2.26;12.2;-1;26;-1;-1;-1;22;4;12;18;13;25;;;;;;-1;;;;;-1;-1;;
72072000;2.19;2.25;12.2;-1;26;-1;-1;-1;22;4;12;18;14;26;;;;;;-1;;;;;-1;-1;;
72254000;1.74;1.79;12.2;-1;26;-1;-1;-1;22;4;12;18;15;27;;;;;;-1;;;;;-1;-1;;
72436000;2.04;2.1;12.2;-1;26;-1;-1;-1;22;4;12;18;16;29;;;;;;-1;;;;;-1;-1;;
72618000;1.79;1.84;12.2;-1;26;-1;-1;-1;22;4;12;18;17;30;;;;;;-1;;;;;-1;-1;;
72800000;2.29;2.37;12.2;-1;26;-1;-1;-1;22;4;12;18;18;31;;;;;;-1;;;;;-1;-1;;
72982000;2.57;2.67;12.1;-1;26;-1;-1;-1;22;4;12;18;19;32;;;;;;-1;;;;;-1;-1;;
73164000;1.78;1.85;12.1;-1;26;-1;-1;-1;22;4;12;18;20;33;;;;;;-1;;;;;-1;-1;;
73346000;2.72;2.83;12.1;-1;26;-1;-1;-1;22;4;12;18;21;34;;;;;;-1;;;;;-1;-1;;
73528000;2.39;2.51;12.1;-1;26;-1;-1;-1;22;4;12;18;22;35;;;;;;-1;;;;;-1;-1;;
73710000;2.35;2.49;12.1;-1;26;-1;-1;-1;22;4;12;18;23;36;;;;;;-1;;;;;-1;-1;;
73892000;2.36;2.49;12.1;-1;26;-1;-1;-1;22;4;12;18;24;37;;;;;;-1;;;;;-1;-1;;
74074000;2.4;2.52;12.1;-1;26;-1;-1;-1;22;4;12;18;25;38;;;;;;-1;;;;;-1;-1;;
74256000;2.8;2.91;12.1;-1;26;-1;-1;-1;22;4;12;18;26;39;;;;;;-1;;;;;-1;-1;;
74438000;2.48;2.55;12.1;-1;26;-1;-1;-1;22;4;12;18;27;40;;;;;;-1;;;;;-1;-1;;
74620000;2.89;2.99;12.1;-1;26;-1;-1;-1;22;4;12;18;28;41;;;;;;-1;;;;;-1;-1;;
74802000;3.02;3.14;12.1;-1;26;-1;-1;-1;22;4;12;18;29;42;;;;;;-1;;;;;-1;-1;;
74984000;2.39;2.48;12.1;-1;26;-1;-1;-1;22;4;12;18;30;43;;;;;;-1;;;;;-1;-1;;
75166000;2.85;2.94;12;-1;26;-1;-1;-1;22;4;12;18;31;44;;;;;;-1;;;;;-1;-1;;
75348000;3.03;3.1;12;-1;26;-1;-1;-1;22;4;12;18;32;45;;;;;;-1;;;;;-1;-1;;
75530000;2.33;2.39;12;-1;26;-1;-1;-1;22;4;12;18;33;46;;;;;;-1;;;;;-1;-1;;
75712000;3.54;3.59;12;-1;26;-1;-1;-1;22;4;12;18;34;47;;;;;;-1;;;;;-1;-1;;
75894000;2.19;2.22;12;-1;26;-1;-1;-1;22;4;12;18;35;48;;;;;;-1;;;;;-1;-1;;
76076000;2.55;2.58;12;-1;26;-1;-1;-1;22;4;12;18;36;49;;;;;;-1;;;;;-1;-1;;
76258000;2.42;2.47;12;-1;26;-1;-1;-1;22;4;12;18;37;50;;;;;;-1;;;;;-1;-1;;
76440000;2.35;2.38;11.9;-1;27;-1;-1;-1;22;4;12;18;49;1;;;;;;-1;;;;;-1;-1;;
76622000;2.15;2.17;11.9;-1;27;-1;-1;-1;22;4;12;18;50;2;;;;;;-1;;;;;-1;-1;;
76804000;2.2;2.21;11.9;-1;27;-1;-1;-1;22;4;12;18;51;3;;;;;;-1;;;;;-1;-1;;
76986000;2.2;2.2;11.9;-1;27;-1;-1;-1;22;4;12;18;52;4;;;;;;-1;;;;;-1;-1;;
77168000;2.25;2.25;11.9;-1;27;-1;-1;-1;22;4;12;18;53;5;;;;;;-1;;;;;-1;-1;;
77350000;2.77;2.78;11.9;-1;27;-1;-1;-1;22;4;12;18;54;6;;;;;;-1;;;;;-1;-1;;
77532000;2.59;2.59;11.8;-1;27;-1;-1;-1;22;4;12;18;55;7;;;;;;-1;;;;;-1;-1;;
77714000;2.52;2.53;11.8;-1;27;-1;-1;-1;22;4;12;18;56;8;;;;;;-1;;;;;-1;-1;;
77896000;2.83;2.85;11.8;-1;27;-1;-1;-1;22;4;12;18;57;9;;;;;;-1;;;;;-1;-1;;
78078000;2.21;2.24;11.8;-1;27;-1;-1;-1;22;4;12;18;58;10;;;;;;-1;;;;;-1;-1;;
78260000;2.01;2.04;11.8;-1;27;-1;-1;-1;22;4;12;18;59;11;;;;;;-1;;;;;-1;-1;;
78442000;1.95;1.99;11.8;-1;27;-1;-1;-1;22;4;12;19;0;12;;;;;;-1;;;;;-1;-1;;
78624000;2.67;2.72;11.8;-1;27;-1;-1;-1;22;4;12;19;1;14;;;;;;-1;;;;;-1;-1;;
78806000;3.23;3.28;11.7;-1;27;-1;-1;-1;22;4;12;19;2;15;;;;;;-1;;;;;-1;-1;;
78988000;3.11;3.16;11.7;-1;27;-1;-1;-1;22;4;12;19;3;16;;;;;;-1;;;;;-1;-1;;
79170000;2.73;2.79;11.7;-1;27;-1;-1;-1;22;4;12;19;4;17;;;;;;-1;;;;;-1;-1;;
79352000;3.21;3.27;11.7;-1;27;-1;-1;-1;22;4;12;19;5;18;;;;;;-1;;;;;-1;-1;;
79534000;2.88;2.94;11.7;-1;27;-1;-1;-1;22;4;12;19;6;19;;;;;;-1;;;;;-1;-1;;
79716000;2.74;2.81;11.7;-1;27;-1;-1;-1;22;4;12;19;7;20;;;;;;-1;;;;;-1;-1;;
79898000;2.61;2.68;11.7;-1;27;-1;-1;-1;22;4;12;19;8;21;;;;;;-1;;;;;-1;-1;;
80080000;2.14;2.23;11.7;-1;27;-1;-1;-1;22;4;12;19;9;22;;;;;;-1;;;;;-1;-1;;
80262000;2.55;2.66;11.7;-1;27;-1;-1;-1;22;4;12;19;10;23;;;;;;-1;;;;;-1;-1;;
80444000;2.08;2.15;11.6;-1;27;-1;-1;-1;22;4;12;19;11;24;;;;;;-1;;;;;-1;-1;;
80626000;1.92;1.98;11.3;-1;28;-1;-1;-1;22;4;12;19;23;38;;;;;;-1;;;;;-1;-1;;
80808000;1.86;1.91;11.3;-1;28;-1;-1;-1;22;4;12;19;24;39;;;;;;-1;;;;;-1;-1;;
80990000;2.26;2.31;11.2;-1;28;-1;-1;-1;22;4;12;19;25;40;;;;;;-1;;;;;-1;-1;;
81172000;1.96;2.01;11.2;-1;28;-1;-1;-1;22;4;12;19;26;41;;;;;;-1;;;;;-1;-1;;
81354000;1.87;1.94;11.2;-1;28;-1;-1;-1;22;4;12;19;27;42;;;;;;-1;;;;;-1;-1;;
81536000;2.2;2.26;11.1;-1;28;-1;-1;-1;22;4;12;19;28;43;;;;;;-1;;;;;-1;-1;;
81718000;2.64;2.73;11.1;-1;28;-1;-1;-1;22;4;12;19;29;44;;;;;;-1;;;;;-1;-1;;
81900000;2.19;2.26;11.1;-1;28;-1;-1;-1;22;4;12;19;30;45;;;;;;-1;;;;;-1;-1;;
82082000;1.87;1.93;11.1;-1;28;-1;-1;-1;22;4;12;19;31;46;;;;;;-1;;;;;-1;-1;;
82264000;2.19;2.24;11;-1;28;-1;-1;-1;22;4;12;19;32;47;;;;;;-1;;;;;-1;-1;;
82446000;2.29;2.34;11;-1;28;-1;-1;-1;22;4;12;19;33;48;;;;;;-1;;;;;-1;-1;;
82628000;2.28;2.32;10.8;-1;28;-1;-1;-1;22;4;12;19;46;2;;;;;;-1;;;;;-1;-1;;
82810000;2.95;3.04;10.8;-1;28;-1;-1;-1;22;4;12;19;48;4;;;;;;-1;;;;;-1;-1;;
82992000;2.49;2.65;10.7;-1;29;-1;-1;-1;22;4;12;19;57;14;;;;;;-1;;;;;-1;-1;;
83174000;2.55;2.73;10.7;-1;29;-1;-1;-1;22;4;12;19;58;15;;;;;;-1;;;;;-1;-1;;
83356000;2.79;2.97;10.7;-1;29;-1;-1;-1;22;4;12;19;59;16;;;;;;-1;;;;;-1;-1;;
83538000;2.93;3.09;10.7;-1;29;-1;-1;-1;22;4;12;20;0;17;;;;;;-1;;;;;-1;-1;;
83720000;2.58;2.74;10.6;-1;29;-1;-1;-1;22;4;12;20;1;18;;;;;;-1;;;;;-1;-1;;
83902000;2.76;2.94;10.6;-1;29;-1;-1;-1;22;4;12;20;2;19;;;;;;-1;;;;;-1;-1;;
84084000;2.43;2.59;10.6;-1;29;-1;-1;-1;22;4;12;20;3;20;;;;;;-1;;;;;-1;-1;;
84266000;2.46;2.63;10.6;-1;29;-1;-1;-1;22;4;12;20;4;21;;;;;;-1;;;;;-1;-1;;
84448000;2.74;2.92;10.6;-1;29;-1;-1;-1;22;4;12;20;5;22;;;;;;-1;;;;;-1;-1;;
84630000;2.71;2.89;10.6;-1;29;-1;-1;-1;22;4;12;20;6;23;;;;;;-1;;;;;-1;-1;;
84812000;2.5;2.64;10.6;-1;29;-1;-1;-1;22;4;12;20;7;24;;;;;;-1;;;;;-1;-1;;
84994000;3.35;3.57;10.5;-1;29;-1;-1;-1;22;4;12;20;8;26;;;;;;-1;;;;;-1;-1;;
85176000;2.56;2.74;10.5;-1;29;-1;-1;-1;22;4;12;20;9;27;;;;;;-1;;;;;-1;-1;;
85358000;2.5;2.67;10.5;-1;29;-1;-1;-1;22;4;12;20;10;28;;;;;;-1;;;;;-1;-1;;
85540000;2.72;2.89;10.5;-1;29;-1;-1;-1;22;4;12;20;11;29;;;;;;-1;;;;;-1;-1;;
85722000;2.31;2.48;10.5;-1;30;-1;-1;-1;22;4;12;20;12;30;;;;;;-1;;;;;-1;-1;;
85904000;2.32;2.47;10.5;-1;30;-1;-1;-1;22;4;12;20;13;31;;;;;;-1;;;;;-1;-1;;
86086000;2.38;2.53;10.5;-1;30;-1;-1;-1;22;4;12;20;14;32;;;;;;-1;;;;;-1;-1;;
86268000;2.99;3.18;10.4;-1;30;-1;-1;-1;22;4;12;20;15;33;;;;;;-1;;;;;-1;-1;;
86450000;2.74;2.87;10.4;-1;30;-1;-1;-1;22;4;12;20;16;34;;;;;;-1;;;;;-1;-1;;
86632000;2.49;2.59;10.4;-1;30;-1;-1;-1;22;4;12;20;17;35;;;;;;-1;;;;;-1;-1;;
86814000;2.37;2.46;10.4;-1;30;-1;-1;-1;22;4;12;20;18;36;;;;;;-1;;;;;-1;-1;;
86996000;2.25;2.33;10.6;-1;30;-1;-1;-1;22;4;12;20;42;2;;;;;;-1;;;;;-1;-1;;
87178000;1.64;1.69;10.6;-1;30;-1;-1;-1;22;4;12;20;43;3;;;;;;-1;;;;;-1;-1;;
87360000;1.61;1.67;10.6;-1;30;-1;-1;-1;22;4;12;20;44;4;;;;;;-1;;;;;-1;-1;;
87542000;1.61;1.69;10.7;-1;31;-1;-1;-1;22;4;12;20;45;5;;;;;;-1;;;;;-1;-1;;
87724000;1.53;1.6;10.7;-1;31;-1;-1;-1;22;4;12;20;46;6;;;;;;-1;;;;;-1;-1;;
87906000;1.77;1.86;10.7;-1;31;-1;-1;-1;22;4;12;20;47;7;;;;;;-1;;;;;-1;-1;;
88088000;1.7;1.77;10.7;-1;31;-1;-1;-1;22;4;12;20;48;8;;;;;;-1;;;;;-1;-1;;
88270000;1.82;1.88;10.7;-1;31;-1;-1;-1;22;4;12;20;49;9;;;;;;-1;;;;;-1;-1;;
88452000;1.45;1.49;10.7;-1;31;-1;-1;-1;22;4;12;20;50;10;;;;;;-1;;;;;-1;-1;;
88634000;1.55;1.59;10.7;-1;31;-1;-1;-1;22;4;12;20;51;11;;;;;;-1;;;;;-1;-1;;
88816000;1.36;1.41;10.7;-1;31;-1;-1;-1;22;4;12;20;52;12;;;;;;-1;;;;;-1;-1;;
88998000;8.46;10.65;10.8;-1;31;-1;-1;-1;22;4;12;21;15;58;;;;;;-1;;;;;-1;-1;;
89180000;9.59;11.9;10.8;-1;31;-1;-1;-1;22;4;12;21;17;0;;;;;;-1;;;;;-1;-1;;
89362000;14.38;18.08;10.8;-1;31;-1;-1;-1;22;4;12;21;18;2;;;;;;-1;;;;;-1;-1;;
89544000;16.89;21.06;10.7;-1;31;-1;-1;-1;22;4;12;21;19;4;;;;;;-1;;;;;-1;-1;;
89726000;32.03;41.82;10.7;-1;31;-1;-1;-1;22;4;12;21;20;6;;;;;;-1;;;;;-1;-1;;
89908000;45.06;57.98;10.7;-1;31;-1;-1;-1;22;4;12;21;21;8;;;;;;-1;;;;;-1;-1;;
90090000;39.42;51.66;10.7;-1;31;-1;-1;-1;22;4;12;21;22;10;;;;;;-1;;;;;-1;-1;;
90272000;4.82;6.16;10.7;-1;31;-1;-1;-1;22;4;12;21;23;12;;;;;;-1;;;;;-1;-1;;
90454000;1.95;2.47;10.7;-1;31;-1;-1;-1;22;4;12;21;24;14;;;;;;-1;;;;;-1;-1;;
90636000;2.35;2.9;10.7;-1;31;-1;-1;-1;22;4;12;21;25;16;;;;;;-1;;;;;-1;-1;;
90818000;3.73;4.64;10.7;-1;31;-1;-1;-1;22;4;12;21;26;18;;;;;;-1;;;;;-1;-1;;
91000000;2.54;2.99;10.7;-1;32;-1;-1;-1;22;4;12;21;50;4;;;;;;-1;;;;;-1;-1;;
91182000;2.07;2.38;10.7;-1;32;-1;-1;-1;22;4;12;21;51;6;;;;;;-1;;;;;-1;-1;;
91364000;1.88;2.12;10.7;-1;32;-1;-1;-1;22;4;12;21;52;8;;;;;;-1;;;;;-1;-1;;
91546000;1.69;1.88;10.7;-1;32;-1;-1;-1;22;4;12;21;53;10;;;;;;-1;;;;;-1;-1;;
91728000;2.14;2.36;10.7;-1;32;-1;-1;-1;22;4;12;21;54;12;;;;;;-1;;;;;-1;-1;;
91910000;1.88;2.07;10.7;-1;32;-1;-1;-1;22;4;12;21;55;14;;;;;;-1;;;;;-1;-1;;
92092000;1.69;1.85;10.7;-1;32;-1;-1;-1;22;4;12;21;56;16;;;;;;-1;;;;;-1;-1;;
92274000;1.42;1.53;10.7;-1;32;-1;-1;-1;22;4;12;21;57;18;;;;;;-1;;;;;-1;-1;;
92456000;1.74;1.87;10.7;-1;32;-1;-1;-1;22;4;12;21;58;20;;;;;;-1;;;;;-1;-1;;
92638000;1.54;1.62;10.7;-1;32;-1;-1;-1;22;4;12;21;59;22;;;;;;-1;;;;;-1;-1;;
92820000;1.62;1.7;10.7;-1;32;-1;-1;-1;22;4;12;22;0;24;;;;;;-1;;;;;-1;-1;;
93002000;1.43;1.48;10.6;-1;32;-1;-1;-1;22;4;12;22;9;42;;;;;;-1;;;;;-1;-1;;
93184000;1.53;1.57;10.6;-1;32;-1;-1;-1;22;4;12;22;10;44;;;;;;-1;;;;;-1;-1;;
93366000;1.71;1.76;10.6;-1;32;-1;-1;-1;22;4;12;22;11;46;;;;;;-1;;;;;-1;-1;;
93548000;1.52;1.55;10.6;-1;32;-1;-1;-1;22;4;12;22;12;48;;;;;;-1;;;;;-1;-1;;
93730000;1.43;1.45;10.6;-1;32;-1;-1;-1;22;4;12;22;13;50;;;;;;-1;;;;;-1;-1;;
93912000;1.57;1.59;10.6;-1;32;-1;-1;-1;22;4;12;22;14;52;;;;;;-1;;;;;-1;-1;;
94094000;1.57;1.59;10.6;-1;32;-1;-1;-1;22;4;12;22;15;54;;;;;;-1;;;;;-1;-1;;
94276000;1.43;1.46;10.6;-1;32;-1;-1;-1;22;4;12;22;16;56;;;;;;-1;;;;;-1;-1;;
94458000;1.5;1.53;10.6;-1;32;-1;-1;-1;22;4;12;22;17;58;;;;;;-1;;;;;-1;-1;;
94640000;1.71;1.75;10.6;-1;32;-1;-1;-1;22;4;12;22;19;0;;;;;;-1;;;;;-1;-1;;
94822000;1.06;1.08;10.6;-1;32;-1;-1;-1;22;4;12;22;20;2;;;;;;-1;;;;;-1;-1;;
95004000;1.71;1.74;10.6;-1;32;-1;-1;-1;22;4;12;22;21;4;;;;;;-1;;;;;-1;-1;;
95186000;1.21;1.22;10.6;-1;32;-1;-1;-1;22;4;12;22;22;6;;;;;;-1;;;;;-1;-1;;
95368000;1.18;1.2;10.6;-1;32;-1;-1;-1;22;4;12;22;23;8;;;;;;-1;;;;;-1;-1;;
95550000;1.61;1.63;10.6;-1;32;-1;-1;-1;22;4;12;22;24;10;;;;;;-1;;;;;-1;-1;;
95732000;1.43;1.45;10.6;-1;32;-1;-1;-1;22;4;12;22;25;12;;;;;;-1;;;;;-1;-1;;
95914000;1.4;1.42;10.6;-1;32;-1;-1;-1;22;4;12;22;26;14;;;;;;-1;;;;;-1;-1;;
96096000;1.66;1.69;10.6;-1;32;-1;-1;-1;22;4;12;22;27;16;;;;;;-1;;;;;-1;-1;;
96278000;1.22;1.24;10.6;-1;32;-1;-1;-1;22;4;12;22;28;18;;;;;;-1;;;;;-1;-1;;
96460000;1.75;1.77;10.6;-1;32;-1;-1;-1;22;4;12;22;29;20;;;;;;-1;;;;;-1;-1;;
96642000;1.37;1.38;10.6;-1;32;-1;-1;-1;22;4;12;22;30;22;;;;;;-1;;;;;-1;-1;;
96824000;1.49;1.5;10.6;-1;32;-1;-1;-1;22;4;12;22;31;24;;;;;;-1;;;;;-1;-1;;
97006000;1.77;1.78;10.6;-1;32;-1;-1;-1;22;4;12;22;32;26;;;;;;-1;;;;;-1;-1;;
97188000;1.39;1.4;10.6;-1;32;-1;-1;-1;22;4;12;22;33;28;;;;;;-1;;;;;-1;-1;;
97370000;1.64;1.65;10.6;-1;32;-1;-1;-1;22;4;12;22;34;30;;;;;;-1;;;;;-1;-1;;
97552000;1.43;1.44;10.6;-1;32;-1;-1;-1;22;4;12;22;35;32;;;;;;-1;;;;;-1;-1;;
97734000;1.72;1.73;10.6;-1;32;-1;-1;-1;22;4;12;22;36;34;;;;;;-1;;;;;-1;-1;;
97916000;1.47;1.49;10.6;-1;32;-1;-1;-1;22;4;12;22;37;36;;;;;;-1;;;;;-1;-1;;
98098000;1.08;1.08;10.6;-1;32;-1;-1;-1;22;4;12;22;38;38;;;;;;-1;;;;;-1;-1;;
98280000;1.64;1.64;10.6;-1;32;-1;-1;-1;22;4;12;22;39;40;;;;;;-1;;;;;-1;-1;;
98462000;1.44;1.45;10.6;-1;32;-1;-1;-1;22;4;12;22;40;42;;;;;;-1;;;;;-1;-1;;
98644000;1.22;1.23;10.6;-1;32;-1;-1;-1;22;4;12;22;41;44;;;;;;-1;;;;;-1;-1;;
98826000;1.35;1.37;10.6;-1;32;-1;-1;-1;22;4;12;22;42;46;;;;;;-1;;;;;-1;-1;;
99008000;1.43;1.46;10.6;-1;32;-1;-1;-1;22;4;12;22;43;48;;;;;;-1;;;;;-1;-1;;
99190000;1.32;1.34;10.6;-1;32;-1;-1;-1;22;4;12;22;44;50;;;;;;-1;;;;;-1;-1;;
99372000;1.64;1.67;10.6;-1;32;-1;-1;-1;22;4;12;22;45;52;;;;;;-1;;;;;-1;-1;;
99554000;1.36;1.36;10.5;-1;32;-1;-1;-1;22;4;12;22;58;16;;;;;;-1;;;;;-1;-1;;
99736000;1.78;1.8;10.5;-1;32;-1;-1;-1;22;4;12;22;59;18;;;;;;-1;;;;;-1;-1;;
99918000;1.56;1.57;10.5;-1;32;-1;-1;-1;22;4;12;23;0;20;;;;;;-1;;;;;-1;-1;;
100100000;1.65;1.67;10.5;-1;32;-1;-1;-1;22;4;12;23;1;22;;;;;;-1;;;;;-1;-1;;
100282000;1.7;1.72;10.5;-1;32;-1;-1;-1;22;4;12;23;2;24;;;;;;-1;;;;;-1;-1;;
100464000;1.59;1.61;10.5;-1;33;-1;-1;-1;22;4;12;23;3;26;;;;;;-1;;;;;-1;-1;;
100646000;1.54;1.57;10.5;-1;33;-1;-1;-1;22;4;12;23;4;28;;;;;;-1;;;;;-1;-1;;
100828000;1.67;1.7;10.5;-1;33;-1;-1;-1;22;4;12;23;5;30;;;;;;-1;;;;;-1;-1;;
101010000;1.67;1.69;10.5;-1;33;-1;-1;-1;22;4;12;23;6;32;;;;;;-1;;;;;-1;-1;;
101192000;2.07;2.11;10.5;-1;33;-1;-1;-1;22;4;12;23;7;33;;;;;;-1;;;;;-1;-1;;
101374000;1.58;1.61;10.4;-1;33;-1;-1;-1;22;4;12;23;8;35;;;;;;-1;;;;;-1;-1;;
101556000;1.45;1.49;10.4;-1;33;-1;-1;-1;22;4;12;23;16;43;;;;;;-1;;;;;-1;-1;;
101738000;1.92;1.95;10.4;-1;33;-1;-1;-1;22;4;12;23;18;45;;;;;;-1;;;;;-1;-1;;
101920000;2;2.03;10.4;-1;33;-1;-1;-1;22;4;12;23;19;46;;;;;;-1;;;;;-1;-1;;
102102000;1.79;1.83;10.4;-1;33;-1;-1;-1;22;4;12;23;20;47;;;;;;-1;;;;;-1;-1;;
102284000;1.95;1.99;10.4;-1;33;-1;-1;-1;22;4;12;23;21;48;;;;;;-1;;;;;-1;-1;;
102466000;1.82;1.86;10.4;-1;33;-1;-1;-1;22;4;12;23;22;49;;;;;;-1;;;;;-1;-1;;
102648000;2.03;2.08;10.4;-1;33;-1;-1;-1;22;4;12;23;23;50;;;;;;-1;;;;;-1;-1;;
102830000;1.95;1.97;10.4;-1;33;-1;-1;-1;22;4;12;23;24;51;;;;;;-1;;;;;-1;-1;;
103012000;1.84;1.87;10.4;-1;33;-1;-1;-1;22;4;12;23;25;52;;;;;;-1;;;;;-1;-1;;
103194000;1.74;1.77;10.4;-1;33;-1;-1;-1;22;4;12;23;26;53;;;;;;-1;;;;;-1;-1;;
103376000;1.88;1.91;10.4;-1;33;-1;-1;-1;22;4;12;23;27;54;;;;;;-1;;;;;-1;-1;;
103558000;1.86;1.89;10.4;-1;33;-1;-1;-1;22;4;12;23;28;55;;;;;;-1;;;;;-1;-1;;
103740000;1.8;1.83;10.4;-1;33;-1;-1;-1;22;4;12;23;29;56;;;;;;-1;;;;;-1;-1;;
103922000;1.62;1.65;10.4;-1;33;-1;-1;-1;22;4;12;23;30;57;;;;;;-1;;;;;-1;-1;;
104104000;2.25;2.29;10.5;-1;33;-1;-1;-1;22;4;12;23;43;9;;;;;;-1;;;;;-1;-1;;
104286000;2.56;2.62;10.5;-1;33;-1;-1;-1;22;4;12;23;44;10;;;;;;-1;;;;;-1;-1;;
104468000;1.96;2.03;10.5;-1;33;-1;-1;-1;22;4;12;23;45;11;;;;;;-1;;;;;-1;-1;;
104650000;2.27;2.35;10.5;-1;33;-1;-1;-1;22;4;12;23;46;12;;;;;;-1;;;;;-1;-1;;
104832000;1.66;1.72;10.5;-1;33;-1;-1;-1;22;4;12;23;47;13;;;;;;-1;;;;;-1;-1;;
105014000;1.64;1.69;10.5;-1;33;-1;-1;-1;22;4;12;23;48;14;;;;;;-1;;;;;-1;-1;;
105196000;2.31;2.39;10.5;-1;33;-1;-1;-1;22;4;12;23;49;15;;;;;;-1;;;;;-1;-1;;
105378000;2.01;2.09;10.5;-1;33;-1;-1;-1;22;4;12;23;50;16;;;;;;-1;;;;;-1;-1;;
105560000;1.51;1.58;10.5;-1;33;-1;-1;-1;22;4;12;23;51;17;;;;;;-1;;;;;-1;-1;;
105742000;2.15;2.26;10.5;-1;33;-1;-1;-1;22;4;12;23;52;18;;;;;;-1;;;;;-1;-1;;
105924000;2.26;2.38;10.5;-1;33;-1;-1;-1;22;4;12;23;53;19;;;;;;-1;;;;;-1;-1;;
106106000;0.97;1.02;10.5;-1;33;-1;-1;-1;22;4;12;23;54;21;;;;;;-1;;;;;-1;-1;;
106288000;2.13;2.23;10.5;-1;34;-1;-1;-1;22;4;12;23;55;22;;;;;;-1;;;;;-1;-1;;
106470000;1.26;1.32;10.5;-1;34;-1;-1;-1;22;4;12;23;56;23;;;;;;-1;;;;;-1;-1;;
106652000;1.7;1.76;10.5;-1;34;-1;-1;-1;22;4;12;23;57;24;;;;;;-1;;;;;-1;-1;;
106834000;1.95;2.02;10.5;-1;34;-1;-1;-1;22;4;12;23;58;25;;;;;;-1;;;;;-1;-1;;
107016000;1.31;1.35;10.5;-1;34;-1;-1;-1;22;4;12;23;59;26;;;;;;-1;;;;;-1;-1;;
107198000;1.91;1.97;10.5;-1;34;-1;-1;-1;22;4;13;0;0;27;;;;;;-1;;;;;-1;-1;;
107380000;1.58;1.63;10.5;-1;34;-1;-1;-1;22;4;13;0;1;28;;;;;;-1;;;;;-1;-1;;
107562000;1.85;1.89;10.5;-1;34;-1;-1;-1;22;4;13;0;2;29;;;;;;-1;;;;;-1;-1;;
107744000;1.72;1.75;10.4;-1;34;-1;-1;-1;22;4;13;0;3;30;;;;;;-1;;;;;-1;-1;;
107926000;1.91;1.95;10.4;-1;34;-1;-1;-1;22;4;13;0;4;31;;;;;;-1;;;;;-1;-1;;
